age,annual_income,credit_score,tenure_months,account_balance,monthly_usage_hours,support_tickets,contract_type,payment_method,device_category,is_churn
56,77235.49,409,68,32418.9,68.6,1,One-Year,Electronic Check,Mobile,0
69,153476.92,447,31,27510.8,117.8,1,Month-to-Month,Bank Transfer,Desktop,0
46,91787.57,520,53,64749.03,107.9,2,Month-to-Month,Credit Card,Desktop,0
32,63550.71,731,25,122634.8,114.4,2,One-Year,Bank Transfer,Tablet,0
60,120657.47,522,44,126442.5,47.0,1,Month-to-Month,Credit Card,Tablet,0
25,134550.47,500,12,78068.41,94.6,1,Month-to-Month,Bank Transfer,Tablet,0
38,50891.5,802,9,129121.63,74.8,1,Month-to-Month,Credit Card,Mobile,0
56,50980.98,699,12,816.56,10.8,1,One-Year,Electronic Check,Tablet,1
75,30684.07,739,69,5276.19,99.1,3,Month-to-Month,Credit Card,Mobile,0
36,139142.31,789,54,136773.24,81.6,3,Month-to-Month,Electronic Check,Mobile,0
40,127889.7,471,54,116299.79,24.7,0,Month-to-Month,Credit Card,Mobile,0
28,98567.79,843,28,67605.91,10.5,7,One-Year,Electronic Check,Tablet,1
28,155846.42,457,56,113041.52,100.6,2,One-Year,Credit Card,Tablet,0
41,149878.87,353,69,143345.92,10.4,2,Month-to-Month,Credit Card,Mobile,0
70,115729.93,442,58,115813.43,11.9,3,Month-to-Month,Credit Card,Mobile,0
53,159582.05,756,42,126355.7,51.9,2,Month-to-Month,Electronic Check,Tablet,0
57,56905.39,355,38,114090.99,17.0,3,Two-Year,Credit Card,Desktop,0
41,42347.54,637,68,25231.66,109.7,0,One-Year,Credit Card,Mobile,0
20,66811.19,455,53,125036.12,57.0,1,Month-to-Month,Credit Card,Desktop,0
39,33848.46,495,33,29266.32,68.7,4,Two-Year,Electronic Check,Desktop,0
70,107331.28,620,71,133891.7,111.4,2,Month-to-Month,Credit Card,Tablet,0
19,170173.88,773,56,68797.48,64.1,3,Month-to-Month,Credit Card,Mobile,0
41,31098.25,727,51,101546.51,43.1,3,Two-Year,Electronic Check,Mobile,0
61,43927.04,445,43,74586.13,95.9,4,Two-Year,Electronic Check,Mobile,0
47,95090.85,806,15,14098.64,53.7,2,One-Year,Credit Card,Mobile,0
55,169750.63,578,38,43608.35,38.9,2,Month-to-Month,Electronic Check,Desktop,1
19,74004.2,551,15,147559.78,87.1,1,Month-to-Month,Credit Card,Tablet,0
38,103621.4,561,5,144107.21,96.4,2,Two-Year,Credit Card,Desktop,0
50,31443.79,355,54,48073.03,95.2,4,One-Year,Electronic Check,Tablet,1
29,47993.2,461,51,149444.52,117.3,5,Month-to-Month,Electronic Check,Tablet,0
75,177927.67,725,10,126832.68,94.6,1,Month-to-Month,Credit Card,Mobile,0
39,174593.4,728,12,91643.92,92.6,3,Two-Year,Credit Card,Mobile,0
61,25765.7,796,4,6018.69,103.0,1,Two-Year,Credit Card,Desktop,0
42,172530.83,672,18,135217.02,1.0,2,One-Year,Electronic Check,Mobile,0
66,124063.59,455,36,83614.39,44.1,4,One-Year,Electronic Check,Desktop,1
44,159527.34,488,25,130271.42,88.8,2,Month-to-Month,Credit Card,Mobile,0
59,95484.68,648,36,125164.37,72.4,1,One-Year,Electronic Check,Desktop,0
45,104917.38,750,67,124950.93,22.1,3,One-Year,Credit Card,Desktop,0
33,100771.22,445,9,104726.08,37.1,3,Month-to-Month,Bank Transfer,Mobile,0
32,128363.96,737,61,43712.27,41.1,3,Two-Year,Credit Card,Desktop,0
64,46645.94,796,53,50424.04,68.6,5,Two-Year,Bank Transfer,Mobile,0
68,29645.91,801,18,46270.38,100.0,2,Month-to-Month,Credit Card,Mobile,0
61,72729.14,686,43,3006.9,112.0,2,Two-Year,Electronic Check,Desktop,0
72,134225.52,646,35,87385.34,90.3,1,One-Year,Credit Card,Mobile,0
69,56287.29,816,63,104825.05,101.3,1,One-Year,Credit Card,Tablet,0
74,129382.03,738,4,128079.9,56.9,1,Two-Year,Electronic Check,Mobile,0
20,175336.37,765,41,21024.82,47.4,1,Month-to-Month,Bank Transfer,Desktop,0
54,39554.61,563,45,81627.47,47.7,3,One-Year,Credit Card,Desktop,0
68,129253.33,803,50,1201.22,74.3,4,Month-to-Month,Bank Transfer,Mobile,1
24,93781.28,640,28,14264.05,15.8,2,One-Year,Electronic Check,Mobile,0
38,159562.05,371,42,8131.76,70.0,2,Month-to-Month,Bank Transfer,Desktop,0
26,52458.22,542,69,108821.71,80.2,4,Month-to-Month,Credit Card,Mobile,0
56,132357.02,817,1,12158.93,53.2,2,Month-to-Month,Credit Card,Mobile,0
35,154907.87,499,39,107467.95,114.4,4,Month-to-Month,Electronic Check,Desktop,1
21,171415.2,717,17,37443.71,73.4,1,Month-to-Month,Credit Card,Mobile,0
42,130903.44,596,35,131656.94,27.2,0,Month-to-Month,Bank Transfer,Desktop,0
31,102062.09,616,46,121972.5,58.0,7,One-Year,Bank Transfer,Desktop,0
67,120766.32,810,42,143674.53,81.4,3,Two-Year,Credit Card,Mobile,0
75,159680.27,600,39,132564.3,39.5,0,Two-Year,Credit Card,Mobile,0
26,113444.51,839,49,139999.41,10.5,0,Two-Year,Electronic Check,Mobile,0
43,29709.99,352,62,128811.36,70.4,2,Two-Year,Credit Card,Desktop,0
70,169297.05,742,38,104007.29,113.8,1,Month-to-Month,Electronic Check,Mobile,0
19,131876.65,665,23,25538.87,58.7,2,One-Year,Electronic Check,Mobile,0
37,129859.57,425,22,40756.13,108.8,1,One-Year,Credit Card,Mobile,0
45,58429.65,436,4,31909.04,100.4,3,Month-to-Month,Credit Card,Mobile,0
64,127127.25,619,49,90537.87,18.5,2,One-Year,Electronic Check,Desktop,0
24,86048.98,574,59,75542.99,85.3,0,Month-to-Month,Electronic Check,Mobile,0
61,125941.11,367,68,130062.0,52.8,2,Two-Year,Credit Card,Mobile,0
25,41521.92,462,71,142900.93,30.8,3,One-Year,Credit Card,Mobile,0
64,126966.02,600,2,60728.98,82.7,0,Two-Year,Bank Transfer,Mobile,0
52,179909.13,582,49,75952.58,89.4,0,Month-to-Month,Bank Transfer,Mobile,0
31,32472.87,678,31,145727.45,22.4,5,Month-to-Month,Bank Transfer,Mobile,1
34,176462.0,628,40,41435.84,109.8,3,Two-Year,Electronic Check,Mobile,0
53,88070.73,551,48,118858.62,90.4,2,Month-to-Month,Bank Transfer,Desktop,0
67,159966.78,432,51,33785.99,112.1,2,Month-to-Month,Electronic Check,Mobile,0
57,146269.75,474,43,102219.02,38.7,2,One-Year,Bank Transfer,Desktop,0
21,112887.52,524,55,38042.34,112.8,4,Two-Year,Credit Card,Mobile,0
19,139459.63,418,49,132560.01,44.9,2,Month-to-Month,Bank Transfer,Desktop,0
23,161169.91,396,57,84221.69,7.4,1,Month-to-Month,Bank Transfer,Mobile,0
71,87641.75,721,15,27890.05,91.8,2,Month-to-Month,Credit Card,Tablet,0
59,75690.14,605,27,33655.38,84.7,3,Month-to-Month,Credit Card,Desktop,0
21,128476.97,564,68,74077.38,72.2,3,Month-to-Month,Bank Transfer,Mobile,0
71,150216.12,379,64,144240.3,59.3,1,Two-Year,Bank Transfer,Mobile,0
46,143154.2,630,30,115446.32,4.8,1,One-Year,Electronic Check,Desktop,0
35,148661.12,761,36,73246.45,75.3,2,Two-Year,Electronic Check,Tablet,0
43,92515.41,831,67,50657.87,50.6,0,Month-to-Month,Credit Card,Mobile,0
61,151764.3,586,49,82390.27,67.7,1,One-Year,Electronic Check,Mobile,0
51,43632.4,597,55,112254.13,52.1,3,Two-Year,Credit Card,Mobile,0
27,109395.81,717,56,117589.29,116.0,0,One-Year,Credit Card,Mobile,0
53,25892.59,844,68,48691.32,72.9,2,Month-to-Month,Credit Card,Mobile,0
31,75310.8,374,44,108173.89,90.2,2,Two-Year,Bank Transfer,Mobile,0
48,81801.54,423,31,98668.32,112.4,2,Month-to-Month,Credit Card,Mobile,0
65,86406.77,555,58,143866.84,71.4,1,Two-Year,Credit Card,Mobile,0
32,132797.42,839,53,139663.54,2.4,2,Month-to-Month,Credit Card,Desktop,0
25,85226.51,843,23,118406.9,5.1,0,One-Year,Credit Card,Desktop,0
31,94547.51,663,28,108509.2,84.6,0,Two-Year,Electronic Check,Mobile,0
40,61819.34,443,16,41106.24,34.2,2,Month-to-Month,Electronic Check,Tablet,0
74,82854.03,724,37,126894.79,69.9,1,Month-to-Month,Bank Transfer,Mobile,0
57,60226.79,476,21,64125.86,25.1,1,Month-to-Month,Bank Transfer,Mobile,0
38,36345.37,774,17,40836.08,33.2,7,Month-to-Month,Bank Transfer,Desktop,1
33,118534.53,374,37,57624.11,61.1,0,Month-to-Month,Electronic Check,Desktop,0
62,128572.98,683,19,125390.32,117.1,0,One-Year,Bank Transfer,Tablet,0
35,121021.0,704,30,22294.98,74.3,3,Month-to-Month,Credit Card,Mobile,0
64,96841.58,465,45,68423.81,112.4,1,Month-to-Month,Credit Card,Mobile,0
70,83866.8,397,18,73853.64,115.2,1,Month-to-Month,Credit Card,Desktop,1
41,158816.72,575,62,5494.45,25.8,0,Month-to-Month,Credit Card,Mobile,0
43,105457.68,615,36,29361.9,38.0,7,One-Year,Credit Card,Mobile,0
42,99273.19,448,52,124011.36,92.6,3,One-Year,Electronic Check,Desktop,0
62,28974.52,808,19,124615.11,104.1,2,Two-Year,Bank Transfer,Mobile,0
58,77893.41,360,44,43862.26,62.8,2,Month-to-Month,Credit Card,Mobile,0
46,83930.32,434,7,131234.59,119.2,2,Month-to-Month,Credit Card,Mobile,0
32,86817.53,754,44,115767.44,2.4,3,Month-to-Month,Bank Transfer,Mobile,0
62,114926.72,563,68,62686.12,36.7,2,Month-to-Month,Credit Card,Mobile,0
18,107708.39,522,34,112260.95,75.2,1,One-Year,Credit Card,Mobile,0
42,119225.29,740,66,144200.19,56.8,1,Two-Year,Electronic Check,Mobile,0
24,143556.91,558,69,68845.46,14.9,0,Month-to-Month,Bank Transfer,Tablet,0
26,151012.79,797,55,35764.08,44.8,0,Month-to-Month,Electronic Check,Mobile,0
41,136309.08,731,10,141272.48,4.0,3,One-Year,Electronic Check,Tablet,0
18,173106.17,413,42,90561.64,77.5,3,One-Year,Electronic Check,Mobile,0
61,27826.05,607,41,15789.77,107.2,2,Month-to-Month,Credit Card,Mobile,0
25,55345.59,681,69,85902.42,106.3,2,One-Year,Credit Card,Mobile,0
41,26172.25,470,10,75087.13,84.2,1,Two-Year,Credit Card,Mobile,0
28,125358.58,647,10,128338.33,56.4,4,Month-to-Month,Credit Card,Desktop,1
68,164194.74,815,60,79604.28,61.9,2,Month-to-Month,Bank Transfer,Mobile,0
34,62739.76,403,51,38284.87,17.3,3,Month-to-Month,Electronic Check,Desktop,0
25,168690.35,680,21,101346.61,41.6,3,One-Year,Electronic Check,Mobile,0
52,34341.45,621,8,81386.32,23.3,2,Month-to-Month,Electronic Check,Desktop,1
52,169837.58,590,65,34956.69,98.7,2,Two-Year,Bank Transfer,Desktop,0
50,79501.52,592,30,86044.18,109.9,3,One-Year,Bank Transfer,Mobile,0
22,40720.23,367,49,123230.34,64.9,2,Month-to-Month,Credit Card,Desktop,0
59,100310.12,832,9,4285.64,87.6,0,Month-to-Month,Bank Transfer,Desktop,0
56,64800.37,536,17,94627.66,15.5,1,One-Year,Electronic Check,Tablet,0
75,69155.3,695,69,52437.78,73.4,3,Month-to-Month,Credit Card,Mobile,0
58,72629.94,493,58,43900.72,84.6,4,Two-Year,Bank Transfer,Desktop,0
45,149469.01,611,57,58888.16,54.9,5,Month-to-Month,Electronic Check,Tablet,1
24,108570.0,790,62,51303.4,29.9,3,Month-to-Month,Credit Card,Desktop,0
26,73252.69,713,52,124835.87,105.4,1,One-Year,Electronic Check,Desktop,0
25,119601.74,840,61,41219.67,89.4,2,Month-to-Month,Credit Card,Tablet,0
29,136003.35,780,40,109972.95,108.1,1,One-Year,Electronic Check,Tablet,0
51,67256.72,588,38,14108.97,98.4,5,Month-to-Month,Credit Card,Desktop,1
50,89100.11,653,43,142709.46,118.9,4,One-Year,Credit Card,Mobile,0
65,43892.34,647,63,93347.5,23.9,1,Month-to-Month,Credit Card,Desktop,0
72,53078.15,425,19,106007.79,11.3,1,Month-to-Month,Bank Transfer,Mobile,1
40,130573.27,537,50,44705.9,41.1,5,One-Year,Electronic Check,Mobile,0
41,53122.94,682,33,61814.49,16.4,3,Month-to-Month,Bank Transfer,Tablet,0
54,106400.32,737,13,33566.76,63.3,1,Month-to-Month,Electronic Check,Desktop,0
52,134902.17,836,62,139880.41,76.3,1,Month-to-Month,Electronic Check,Tablet,0
61,41565.92,595,43,73215.67,69.8,1,Month-to-Month,Credit Card,Desktop,0
57,112933.39,479,49,94567.22,31.8,0,Two-Year,Bank Transfer,Mobile,0
39,64767.23,823,36,110140.8,109.2,3,Month-to-Month,Credit Card,Tablet,0
44,174253.67,664,10,55665.91,3.5,3,One-Year,Bank Transfer,Mobile,0
52,99949.58,760,6,108015.25,42.4,2,Month-to-Month,Credit Card,Desktop,0
18,149928.85,632,57,101398.87,86.6,3,Month-to-Month,Credit Card,Desktop,0
52,110285.11,428,1,105848.9,92.3,4,One-Year,Bank Transfer,Mobile,1
54,31728.94,421,71,73384.49,50.5,2,Month-to-Month,Credit Card,Mobile,0
64,123138.46,612,58,57440.61,3.0,3,One-Year,Bank Transfer,Mobile,0
31,172467.52,540,21,33312.33,74.5,6,Month-to-Month,Electronic Check,Desktop,1
20,118249.83,716,56,123693.95,8.5,2,Month-to-Month,Credit Card,Mobile,0
18,151974.27,724,20,91252.51,13.8,1,One-Year,Electronic Check,Mobile,0
22,162052.0,779,54,66652.83,78.4,4,Month-to-Month,Bank Transfer,Desktop,0
43,60352.36,412,25,141599.39,38.2,1,One-Year,Credit Card,Desktop,0
72,57866.95,837,28,7175.82,42.4,1,Month-to-Month,Electronic Check,Mobile,0
31,119702.05,729,5,127525.79,58.9,5,One-Year,Credit Card,Desktop,0
56,88709.41,361,21,149637.39,117.5,0,Month-to-Month,Credit Card,Mobile,0
44,155178.5,490,18,133041.32,115.9,3,One-Year,Credit Card,Mobile,0
26,164503.58,603,47,121565.49,50.5,1,Two-Year,Bank Transfer,Mobile,0
32,79780.31,392,70,56145.9,32.6,1,Month-to-Month,Bank Transfer,Desktop,0
32,61714.94,366,57,34697.13,37.0,1,Month-to-Month,Credit Card,Mobile,0
43,145981.45,412,19,110227.58,33.0,1,Two-Year,Credit Card,Mobile,0
59,67594.94,602,65,45686.3,64.3,4,Month-to-Month,Electronic Check,Mobile,1
30,152505.22,814,3,26405.95,73.2,2,One-Year,Electronic Check,Tablet,0
68,90679.43,725,42,117978.88,59.2,5,Two-Year,Bank Transfer,Tablet,0
49,128470.23,641,21,46881.55,49.6,2,One-Year,Credit Card,Mobile,0
56,39807.97,818,40,137166.26,26.1,2,Month-to-Month,Credit Card,Mobile,0
66,121698.2,357,67,126094.9,58.4,0,Month-to-Month,Electronic Check,Tablet,0
69,95023.99,674,25,127146.05,41.6,2,Month-to-Month,Credit Card,Mobile,0
49,115924.31,439,55,115735.46,65.4,0,Month-to-Month,Credit Card,Mobile,0
21,51042.2,557,52,132132.21,81.3,2,Month-to-Month,Bank Transfer,Mobile,0
47,139215.43,641,44,120862.03,76.4,2,One-Year,Bank Transfer,Tablet,0
54,158733.55,633,56,90376.7,56.0,3,Month-to-Month,Bank Transfer,Desktop,0
40,58594.67,467,55,44373.41,67.2,1,Two-Year,Credit Card,Mobile,0
56,39835.76,698,70,133231.38,34.9,2,Two-Year,Bank Transfer,Mobile,0
62,28663.98,524,66,126090.54,3.9,5,Two-Year,Bank Transfer,Tablet,0
32,124505.58,425,19,70931.9,75.4,1,Month-to-Month,Bank Transfer,Mobile,0
60,119099.58,450,7,5861.8,31.1,5,One-Year,Credit Card,Desktop,1
46,109738.1,763,63,95781.56,80.6,2,Month-to-Month,Electronic Check,Mobile,0
53,60951.8,500,42,7589.53,89.9,3,Month-to-Month,Bank Transfer,Desktop,0
30,85590.43,749,42,138941.99,110.0,3,One-Year,Bank Transfer,Mobile,0
49,117143.83,619,59,144244.69,115.0,2,Two-Year,Bank Transfer,Desktop,0
24,101998.86,807,20,28423.52,2.3,1,Month-to-Month,Credit Card,Mobile,0
68,178106.76,420,17,101458.41,118.9,1,Month-to-Month,Credit Card,Mobile,0
39,46148.16,842,27,13840.35,82.3,2,Month-to-Month,Credit Card,Mobile,0
45,132747.41,529,47,109427.54,77.6,1,One-Year,Credit Card,Desktop,0
19,87669.41,473,2,52093.15,2.8,2,Two-Year,Bank Transfer,Mobile,0
59,91370.94,730,63,102157.52,103.5,3,Month-to-Month,Bank Transfer,Mobile,0
62,136227.65,642,62,55931.48,18.3,2,Month-to-Month,Credit Card,Desktop,0
74,132327.6,634,19,21835.13,100.6,3,Two-Year,Electronic Check,Desktop,0
70,178644.68,544,17,60916.5,2.9,1,Month-to-Month,Credit Card,Desktop,0
23,44901.11,748,69,16901.03,77.9,3,One-Year,Credit Card,Mobile,0
45,41137.0,577,39,86532.49,52.7,2,Month-to-Month,Credit Card,Mobile,0
45,137272.52,780,71,6142.73,24.9,2,Month-to-Month,Bank Transfer,Desktop,0
61,114649.97,779,39,79097.95,13.8,1,Month-to-Month,Bank Transfer,Mobile,0
61,67494.9,785,36,132955.3,53.4,4,One-Year,Electronic Check,Tablet,0
37,37310.0,624,40,125680.99,15.7,2,Month-to-Month,Credit Card,Desktop,0
47,38277.03,810,45,132417.25,58.9,3,Month-to-Month,Credit Card,Mobile,0
28,163599.59,455,4,138307.32,75.4,2,Month-to-Month,Bank Transfer,Mobile,0
75,54739.44,370,25,15679.18,99.5,2,One-Year,Bank Transfer,Mobile,0
72,75122.59,413,69,19312.08,81.8,3,Two-Year,Electronic Check,Desktop,0
45,60131.74,514,30,83551.02,8.8,2,Two-Year,Credit Card,Mobile,0
42,80024.43,376,68,134095.9,37.6,3,Month-to-Month,Bank Transfer,Tablet,0
56,35760.7,660,29,146152.42,35.3,3,Two-Year,Credit Card,Mobile,0
50,105454.27,849,68,6939.29,109.9,3,Month-to-Month,Bank Transfer,Mobile,0
18,35479.95,634,51,53366.11,104.3,3,Month-to-Month,Credit Card,Mobile,0
74,149055.26,497,24,31934.14,45.0,3,One-Year,Bank Transfer,Desktop,0
44,61225.37,630,14,113394.88,9.5,2,Month-to-Month,Bank Transfer,Mobile,0
74,108701.85,675,69,96029.08,107.4,0,Month-to-Month,Credit Card,Mobile,0
69,161412.26,668,18,17983.2,106.7,1,Month-to-Month,Credit Card,Desktop,0
30,125885.99,513,42,72528.31,102.7,3,One-Year,Credit Card,Mobile,0
58,107608.46,735,57,102816.08,101.6,3,Month-to-Month,Credit Card,Desktop,0
20,75271.73,755,12,116850.81,58.2,4,Month-to-Month,Credit Card,Desktop,1
56,76615.3,573,17,3007.91,22.1,4,Two-Year,Credit Card,Tablet,0
23,128770.48,621,30,133570.44,57.8,1,One-Year,Electronic Check,Desktop,0
25,179091.6,495,23,85392.21,59.9,3,One-Year,Credit Card,Desktop,0
44,127585.07,802,1,121786.37,59.3,2,Month-to-Month,Credit Card,Mobile,0
26,111456.43,787,32,121190.7,65.1,3,Month-to-Month,Electronic Check,Mobile,0
54,138250.83,705,9,28477.9,31.7,2,Month-to-Month,Credit Card,Mobile,0
50,97106.87,379,15,16525.82,44.6,4,One-Year,Electronic Check,Desktop,0
68,34322.06,394,28,108193.09,52.7,1,One-Year,Bank Transfer,Mobile,0
59,112156.01,624,24,23464.04,16.6,0,Two-Year,Electronic Check,Desktop,0
61,173431.92,820,60,127490.62,55.2,2,Month-to-Month,Credit Card,Mobile,0
41,52171.96,383,35,108928.42,97.4,3,Month-to-Month,Bank Transfer,Desktop,0
32,131950.76,490,27,126273.8,99.5,2,Month-to-Month,Credit Card,Mobile,0
71,56144.72,776,20,44851.9,50.0,2,Month-to-Month,Electronic Check,Mobile,0
49,108053.29,667,65,47489.71,62.7,5,Month-to-Month,Credit Card,Tablet,0
49,39984.85,723,49,100683.23,5.0,2,Two-Year,Bank Transfer,Desktop,0
41,94807.5,570,1,4716.89,81.3,2,One-Year,Credit Card,Mobile,0
58,142205.32,705,10,108974.51,49.1,4,Month-to-Month,Electronic Check,Desktop,1
69,78873.59,371,47,125367.46,54.0,0,One-Year,Bank Transfer,Mobile,0
66,128061.32,529,59,62274.54,105.0,3,Month-to-Month,Credit Card,Desktop,0
66,148294.74,785,62,114731.82,56.0,2,Two-Year,Credit Card,Desktop,0
75,168712.56,716,18,26191.64,3.5,1,One-Year,Credit Card,Mobile,0
69,61369.52,769,46,48339.06,28.1,2,Month-to-Month,Credit Card,Desktop,0
29,86893.97,678,32,146145.74,57.6,3,One-Year,Credit Card,Mobile,0
56,48624.48,580,27,147949.23,51.5,2,One-Year,Electronic Check,Desktop,0
19,178834.94,848,18,76890.76,103.4,2,Month-to-Month,Bank Transfer,Mobile,0
20,168685.15,752,39,140140.47,65.5,1,Month-to-Month,Electronic Check,Mobile,0
66,108693.36,387,49,78409.6,83.1,3,Month-to-Month,Bank Transfer,Tablet,0
54,155515.16,419,44,43738.22,56.8,1,Month-to-Month,Bank Transfer,Mobile,0
66,105748.49,465,54,40034.89,53.3,3,Month-to-Month,Bank Transfer,Tablet,0
73,121655.78,588,34,139425.86,54.1,1,One-Year,Credit Card,Mobile,0
34,38814.29,684,71,25866.96,49.9,1,Month-to-Month,Bank Transfer,Mobile,0
66,142066.92,790,36,86944.87,65.1,1,One-Year,Bank Transfer,Desktop,0
19,44795.59,497,18,83328.76,30.8,2,Two-Year,Electronic Check,Mobile,0
19,153040.48,358,38,110943.25,107.0,2,One-Year,Bank Transfer,Mobile,0
45,146214.35,637,59,74886.44,40.6,2,One-Year,Electronic Check,Mobile,0
71,134855.43,737,9,40842.85,18.6,2,Two-Year,Bank Transfer,Tablet,0
40,30604.86,399,51,25409.47,12.5,3,One-Year,Bank Transfer,Desktop,0
54,71984.9,687,35,93122.82,2.6,2,Month-to-Month,Bank Transfer,Mobile,0
49,65782.45,354,5,107848.61,51.3,2,Month-to-Month,Credit Card,Mobile,0
50,80821.14,753,14,85428.19,23.3,2,One-Year,Credit Card,Mobile,0
18,38584.63,692,30,110752.69,3.6,5,One-Year,Electronic Check,Desktop,1
36,170228.46,475,4,21228.18,62.9,2,Two-Year,Electronic Check,Tablet,0
19,110839.35,424,39,132370.53,81.9,1,One-Year,Credit Card,Desktop,0
70,72356.27,514,64,87359.33,11.2,1,Two-Year,Electronic Check,Mobile,0
61,86532.14,627,25,19026.59,55.8,2,Month-to-Month,Credit Card,Desktop,0
43,94316.39,791,28,69288.78,89.5,5,One-Year,Bank Transfer,Tablet,0
49,118092.12,673,66,126718.76,118.3,4,Two-Year,Credit Card,Desktop,0
23,104930.31,826,22,134634.33,80.4,2,Month-to-Month,Credit Card,Tablet,0
49,167505.76,649,31,39697.43,30.1,3,Month-to-Month,Credit Card,Mobile,0
72,102029.34,639,23,106689.87,86.3,1,Month-to-Month,Credit Card,Desktop,0
21,178784.49,426,48,14997.79,72.2,5,One-Year,Credit Card,Desktop,0
72,156970.87,647,20,5031.88,26.2,0,Month-to-Month,Credit Card,Desktop,0
28,57319.13,486,38,84059.84,102.3,4,One-Year,Credit Card,Desktop,0
73,169242.26,455,55,104224.14,51.9,4,Month-to-Month,Credit Card,Mobile,1
34,43036.79,444,68,119368.01,115.5,2,Month-to-Month,Credit Card,Mobile,0
55,151704.7,484,1,51032.44,87.0,1,Two-Year,Bank Transfer,Tablet,0
41,83996.61,417,7,978.81,77.7,1,Month-to-Month,Electronic Check,Mobile,1
22,161086.02,496,57,71927.89,87.7,1,Month-to-Month,Credit Card,Tablet,0
69,159548.79,839,12,2378.03,57.9,1,Month-to-Month,Credit Card,Desktop,0
51,149918.44,827,5,13797.68,61.1,1,One-Year,Bank Transfer,Mobile,0
23,147454.72,508,50,49003.35,102.3,3,Month-to-Month,Credit Card,Tablet,0
39,72225.27,733,42,65575.81,82.0,3,Month-to-Month,Bank Transfer,Desktop,0
28,37542.49,512,12,41920.42,107.8,2,Two-Year,Credit Card,Mobile,0
65,87461.93,790,18,87279.79,107.0,4,Month-to-Month,Credit Card,Mobile,1
33,51896.3,690,66,8302.47,117.2,4,Month-to-Month,Credit Card,Tablet,0
50,132717.42,538,17,21686.96,84.3,1,Month-to-Month,Credit Card,Desktop,0
26,78645.46,764,68,104288.76,60.8,1,Month-to-Month,Electronic Check,Desktop,0
23,176219.58,688,71,21321.13,20.8,4,Month-to-Month,Credit Card,Desktop,0
33,124350.67,444,62,95966.28,84.9,1,One-Year,Electronic Check,Mobile,0
46,152484.49,530,41,8202.69,35.7,4,Two-Year,Credit Card,Tablet,0
20,45541.32,637,34,61107.34,34.7,1,Month-to-Month,Electronic Check,Mobile,0
37,158612.24,671,70,26611.42,29.4,2,One-Year,Credit Card,Mobile,0
53,168027.36,536,45,16445.44,105.1,1,Month-to-Month,Credit Card,Mobile,0
36,100494.6,721,58,85054.92,104.3,2,One-Year,Bank Transfer,Mobile,0
43,118969.21,487,51,139250.37,76.1,3,Month-to-Month,Credit Card,Desktop,0
20,143545.52,479,34,8218.06,57.3,4,Month-to-Month,Electronic Check,Mobile,1
36,52099.99,543,44,63233.14,81.0,3,Month-to-Month,Bank Transfer,Mobile,0
37,102897.74,665,15,106130.32,73.3,4,Month-to-Month,Bank Transfer,Mobile,1
49,86792.77,821,70,69403.17,50.5,0,One-Year,Credit Card,Desktop,0
24,47687.97,622,50,120974.39,46.2,4,One-Year,Bank Transfer,Mobile,0
69,81967.84,701,32,26946.8,46.6,3,Month-to-Month,Bank Transfer,Mobile,0
58,35566.71,493,67,143939.13,71.1,5,Two-Year,Electronic Check,Desktop,0
50,29000.85,365,3,57774.39,78.1,2,Month-to-Month,Credit Card,Mobile,0
57,45950.77,651,51,51235.44,54.8,3,One-Year,Electronic Check,Mobile,0
56,174282.84,772,67,131190.87,116.3,5,Month-to-Month,Electronic Check,Tablet,0
35,110177.08,594,48,84580.05,11.0,3,Month-to-Month,Electronic Check,Mobile,0
57,174702.43,764,17,77466.65,42.3,4,Month-to-Month,Bank Transfer,Mobile,1
18,92037.17,456,7,109046.69,50.9,2,Month-to-Month,Bank Transfer,Desktop,0
28,73331.5,437,13,86975.14,3.0,3,Month-to-Month,Credit Card,Desktop,0
45,103451.99,478,66,24377.35,44.4,2,One-Year,Electronic Check,Desktop,0
74,93124.31,744,4,101129.64,33.6,2,One-Year,Electronic Check,Mobile,0
42,41378.03,724,10,20020.33,61.2,1,One-Year,Credit Card,Desktop,0
67,124328.08,690,17,120878.66,41.0,2,Two-Year,Credit Card,Desktop,0
40,58485.92,353,52,148460.49,87.4,3,Two-Year,Electronic Check,Mobile,0
48,121036.13,676,6,56608.14,61.7,1,One-Year,Credit Card,Mobile,0
47,125781.17,759,69,66713.38,16.4,5,One-Year,Credit Card,Desktop,0
59,48563.85,716,9,6965.05,90.3,0,Month-to-Month,Electronic Check,Mobile,1
52,34509.19,655,21,2059.98,12.8,2,Two-Year,Electronic Check,Mobile,0
24,146018.05,745,24,138212.9,100.8,0,Two-Year,Electronic Check,Mobile,0
33,96269.07,444,4,19293.61,111.8,3,Month-to-Month,Credit Card,Mobile,0
43,34015.39,558,24,66866.81,39.4,1,Month-to-Month,Credit Card,Mobile,0
65,179204.28,574,59,122303.19,111.2,0,Two-Year,Bank Transfer,Mobile,0
74,33955.99,808,3,133397.81,95.4,2,Month-to-Month,Bank Transfer,Mobile,0
69,132730.46,697,68,77909.65,110.8,1,Month-to-Month,Credit Card,Tablet,0
66,177470.23,829,40,84754.88,80.3,0,Month-to-Month,Electronic Check,Mobile,0
19,62072.92,670,48,100452.6,29.0,2,Month-to-Month,Electronic Check,Mobile,0
18,47048.65,396,54,144207.37,107.4,3,Month-to-Month,Credit Card,Tablet,0
65,43814.67,825,35,90400.49,22.9,2,Month-to-Month,Credit Card,Tablet,0
29,72007.65,530,56,83921.29,26.4,2,Month-to-Month,Credit Card,Mobile,0
22,40662.1,455,40,2180.12,33.3,3,Two-Year,Bank Transfer,Mobile,0
54,132285.01,548,68,12142.46,37.2,1,Month-to-Month,Credit Card,Desktop,0
49,34655.23,735,46,86575.74,62.2,3,Month-to-Month,Bank Transfer,Tablet,0
72,103960.43,455,13,140436.06,85.9,3,Month-to-Month,Bank Transfer,Mobile,0
26,179488.01,629,27,130003.7,111.2,5,Month-to-Month,Electronic Check,Mobile,0
58,151165.39,609,6,147386.84,11.5,1,Two-Year,Credit Card,Desktop,0
52,120359.01,457,17,79175.11,114.6,5,Two-Year,Bank Transfer,Mobile,0
36,72469.31,368,36,118189.64,110.6,2,Month-to-Month,Bank Transfer,Desktop,0
65,121703.85,759,2,126060.05,7.4,1,Month-to-Month,Bank Transfer,Desktop,0
33,106691.43,808,52,97204.75,43.9,1,One-Year,Electronic Check,Mobile,0
20,91042.92,645,66,50812.49,97.8,3,Month-to-Month,Bank Transfer,Mobile,0
37,45260.11,655,52,70496.77,73.8,5,Month-to-Month,Electronic Check,Desktop,1
41,162423.65,520,43,128687.56,93.7,1,Month-to-Month,Credit Card,Desktop,0
71,94716.62,680,22,44782.19,86.6,3,Two-Year,Bank Transfer,Desktop,0
73,55166.49,842,55,138561.47,60.1,4,Month-to-Month,Bank Transfer,Desktop,0
50,82002.7,544,67,34470.95,5.9,1,Month-to-Month,Electronic Check,Mobile,0
41,89190.11,361,60,112427.46,70.5,0,Month-to-Month,Credit Card,Desktop,0
69,153268.37,544,58,94583.89,6.8,1,Month-to-Month,Credit Card,Mobile,0
28,138710.23,839,12,112439.92,72.8,4,One-Year,Bank Transfer,Desktop,1
66,144242.26,632,69,65602.14,96.2,3,Month-to-Month,Credit Card,Mobile,0
25,26709.85,718,39,139896.16,70.6,3,Two-Year,Bank Transfer,Desktop,0
53,89503.87,531,13,94870.83,119.6,1,Month-to-Month,Electronic Check,Desktop,1
55,99608.34,799,41,43244.37,55.2,1,Month-to-Month,Electronic Check,Desktop,0
57,27974.8,654,57,95768.26,90.1,3,Month-to-Month,Credit Card,Tablet,0
37,65271.05,493,53,43022.36,80.4,3,One-Year,Credit Card,Mobile,0
52,142844.92,735,12,44044.86,119.0,2,Month-to-Month,Bank Transfer,Mobile,0
65,46252.0,665,13,59939.78,85.9,3,Month-to-Month,Bank Transfer,Mobile,0
42,107973.07,531,57,127864.56,20.5,2,One-Year,Bank Transfer,Tablet,0
52,58356.29,379,40,75044.68,114.7,4,Month-to-Month,Bank Transfer,Mobile,1
42,26878.72,433,45,101835.13,80.5,3,Two-Year,Bank Transfer,Mobile,0
46,62386.23,515,35,58795.16,8.1,2,Month-to-Month,Credit Card,Tablet,0
35,176260.43,633,3,39540.82,79.3,3,Month-to-Month,Electronic Check,Tablet,1
63,149238.25,630,5,143196.02,106.1,1,One-Year,Credit Card,Tablet,0
35,173734.38,445,11,90537.19,69.7,3,Month-to-Month,Credit Card,Mobile,0
19,100617.38,730,71,140092.7,43.1,2,One-Year,Electronic Check,Desktop,0
71,42009.11,615,56,30511.95,98.7,4,Month-to-Month,Bank Transfer,Desktop,0
52,109933.72,793,10,22034.12,94.1,1,Month-to-Month,Bank Transfer,Desktop,0
33,95428.49,647,34,128373.44,65.8,5,Two-Year,Credit Card,Mobile,0
58,155875.35,645,67,102137.58,19.4,3,One-Year,Credit Card,Desktop,0
53,40202.8,574,31,27986.77,30.9,1,Month-to-Month,Credit Card,Mobile,0
50,100677.38,682,71,40403.96,88.9,6,Month-to-Month,Bank Transfer,Mobile,0
21,48257.54,710,66,120099.59,96.9,3,Month-to-Month,Credit Card,Desktop,0
50,75324.77,723,70,68080.29,34.2,5,One-Year,Bank Transfer,Mobile,0
31,139290.35,391,41,100581.08,44.8,2,Two-Year,Electronic Check,Mobile,0
38,98782.81,652,63,47752.8,10.2,2,Month-to-Month,Bank Transfer,Mobile,0
65,83262.68,770,32,57184.49,85.9,1,Month-to-Month,Electronic Check,Desktop,0
37,86143.82,595,20,148606.88,1.4,3,Month-to-Month,Electronic Check,Mobile,1
73,96214.25,557,57,37142.56,6.5,2,Month-to-Month,Electronic Check,Desktop,1
25,146677.56,586,50,75968.46,1.5,4,One-Year,Bank Transfer,Desktop,0
24,163273.13,371,25,126660.35,77.8,2,Month-to-Month,Credit Card,Desktop,0
20,173076.88,534,12,35883.48,50.7,1,Month-to-Month,Bank Transfer,Mobile,0
34,146970.02,817,71,62282.06,36.4,1,Month-to-Month,Bank Transfer,Desktop,0
50,73888.07,591,39,92263.69,109.6,2,Month-to-Month,Credit Card,Mobile,0
65,131660.88,712,17,72178.22,23.9,7,Month-to-Month,Bank Transfer,Mobile,1
29,92828.48,632,45,68925.34,47.3,1,Two-Year,Bank Transfer,Desktop,0
68,64473.95,390,11,54376.46,112.9,3,One-Year,Credit Card,Tablet,0
39,155335.09,685,70,87996.95,51.8,2,Month-to-Month,Bank Transfer,Mobile,0
72,30956.08,511,23,93655.9,67.0,1,One-Year,Credit Card,Desktop,0
39,164773.11,509,70,97993.43,10.6,3,One-Year,Credit Card,Tablet,0
63,96529.01,823,38,10555.22,95.0,3,Month-to-Month,Electronic Check,Tablet,0
47,123766.23,438,2,94655.13,51.3,3,Month-to-Month,Bank Transfer,Mobile,1
55,127199.86,671,37,142985.58,96.3,1,Month-to-Month,Bank Transfer,Desktop,0
55,163743.25,361,49,81147.94,31.2,4,Month-to-Month,Credit Card,Mobile,0
62,123683.8,773,52,107290.06,51.3,4,Two-Year,Bank Transfer,Desktop,0
68,120159.71,422,33,83509.85,94.6,2,Month-to-Month,Credit Card,Mobile,0
71,35331.07,425,22,128211.09,116.9,1,Two-Year,Bank Transfer,Desktop,0
25,105353.24,695,5,139437.46,8.1,3,One-Year,Electronic Check,Tablet,0
44,48276.2,550,18,27632.98,97.7,2,Month-to-Month,Electronic Check,Tablet,0
44,139302.23,359,38,65529.01,36.8,1,Two-Year,Credit Card,Tablet,0
51,104394.4,701,37,58857.32,66.5,1,Month-to-Month,Bank Transfer,Mobile,0
38,130435.31,575,64,60782.27,35.5,2,Month-to-Month,Electronic Check,Mobile,0
47,31459.3,525,10,18828.63,74.0,3,One-Year,Credit Card,Desktop,0
50,38142.76,625,42,122042.36,43.1,1,Month-to-Month,Credit Card,Desktop,0
45,136030.13,388,48,5364.94,40.7,1,Month-to-Month,Electronic Check,Mobile,0
64,36173.07,409,44,79233.99,5.5,1,One-Year,Electronic Check,Mobile,0
50,36044.79,415,16,99281.76,18.5,5,Two-Year,Bank Transfer,Tablet,0
22,26876.81,670,54,31120.42,110.1,2,Month-to-Month,Credit Card,Tablet,0
65,173257.72,784,35,135877.53,119.8,3,Month-to-Month,Bank Transfer,Mobile,0
36,139313.8,473,28,125782.38,93.9,1,Month-to-Month,Credit Card,Mobile,0
21,79753.97,513,2,70662.56,35.1,1,One-Year,Bank Transfer,Desktop,0
52,70963.02,757,13,61672.34,48.9,0,Month-to-Month,Bank Transfer,Tablet,0
66,79204.0,760,41,35485.19,89.0,4,Two-Year,Bank Transfer,Desktop,0
34,145071.3,735,59,109498.98,116.3,1,One-Year,Bank Transfer,Tablet,0
61,127512.44,508,69,19761.57,55.2,2,One-Year,Electronic Check,Desktop,0
45,53705.31,406,53,102035.66,99.7,4,Two-Year,Bank Transfer,Tablet,0
47,51986.95,427,45,126368.55,117.0,1,Two-Year,Credit Card,Desktop,0
46,40251.33,543,20,34270.74,104.9,1,Month-to-Month,Credit Card,Tablet,0
63,127346.92,634,24,129964.11,28.0,3,Month-to-Month,Credit Card,Desktop,0
70,143477.76,364,61,4998.48,2.0,1,One-Year,Bank Transfer,Mobile,0
23,66082.2,361,58,136918.11,59.6,6,Two-Year,Electronic Check,Mobile,0
52,28246.47,450,27,17754.33,64.2,3,One-Year,Bank Transfer,Tablet,0
58,37736.61,505,26,96863.88,24.9,2,Month-to-Month,Credit Card,Mobile,0
54,175018.31,689,7,37512.37,34.9,4,One-Year,Credit Card,Mobile,1
41,70793.94,474,42,125482.86,92.1,0,Month-to-Month,Credit Card,Desktop,0
46,144229.59,708,47,76845.05,57.0,3,Two-Year,Credit Card,Desktop,0
66,121822.85,629,53,20286.18,38.8,2,Month-to-Month,Bank Transfer,Mobile,0
63,84200.64,754,59,85648.74,75.1,4,Two-Year,Credit Card,Mobile,0
70,56881.53,743,38,61182.39,78.7,1,Month-to-Month,Credit Card,Mobile,0
48,43814.89,459,69,99217.17,92.6,3,Two-Year,Credit Card,Mobile,0
52,120327.01,683,53,132285.49,19.6,3,Month-to-Month,Bank Transfer,Tablet,0
50,145068.24,706,15,61408.37,89.2,1,One-Year,Bank Transfer,Desktop,0
69,124805.16,495,26,43482.1,72.3,2,Two-Year,Electronic Check,Tablet,0
38,107196.83,565,48,2177.26,7.9,4,One-Year,Credit Card,Mobile,0
49,31502.44,747,19,86225.86,93.5,1,One-Year,Electronic Check,Mobile,0
40,175115.76,511,9,60341.22,46.6,2,Month-to-Month,Bank Transfer,Desktop,0
50,148800.7,477,64,56197.38,40.3,3,Month-to-Month,Credit Card,Mobile,0
20,70387.42,663,54,27440.3,54.3,2,Two-Year,Credit Card,Mobile,0
35,176895.4,681,51,64508.3,42.2,2,Month-to-Month,Credit Card,Tablet,0
42,118291.65,499,39,147666.29,41.3,2,One-Year,Bank Transfer,Tablet,0
59,115275.51,803,4,44663.12,97.2,1,One-Year,Credit Card,Desktop,0
48,140951.34,385,3,89955.66,15.8,1,Month-to-Month,Electronic Check,Desktop,0
71,150824.32,522,64,116473.03,116.5,6,Month-to-Month,Credit Card,Mobile,0
75,126754.18,769,29,112373.67,67.0,2,Month-to-Month,Bank Transfer,Tablet,0
20,44854.84,371,11,49316.14,22.8,1,Month-to-Month,Credit Card,Desktop,0
57,77431.46,555,58,91629.01,16.6,2,Two-Year,Bank Transfer,Mobile,0
63,168852.96,476,27,130689.7,71.4,2,One-Year,Electronic Check,Mobile,0
41,59815.42,685,21,2317.11,76.3,2,Month-to-Month,Electronic Check,Desktop,0
67,82685.89,794,39,65360.15,7.3,2,Month-to-Month,Credit Card,Mobile,0
49,91971.92,705,46,33641.01,29.9,4,One-Year,Credit Card,Tablet,0
64,93107.77,789,66,58294.84,95.7,1,Month-to-Month,Electronic Check,Tablet,0
39,120005.64,566,36,62398.44,6.9,0,Month-to-Month,Credit Card,Tablet,0
40,171176.75,445,65,112000.64,102.8,2,Month-to-Month,Bank Transfer,Desktop,0
19,62307.37,766,63,14073.28,79.3,3,Two-Year,Electronic Check,Mobile,0
44,43832.71,778,35,76887.59,52.7,1,Month-to-Month,Bank Transfer,Mobile,0
59,55607.93,513,31,84629.22,42.2,1,Month-to-Month,Credit Card,Desktop,0
19,162473.36,497,28,74123.64,3.3,0,Two-Year,Electronic Check,Mobile,0
43,125100.68,367,1,109780.99,99.2,4,Month-to-Month,Electronic Check,Desktop,1
34,69315.55,643,25,57568.69,18.0,2,Two-Year,Bank Transfer,Mobile,0
57,151471.78,544,43,141745.06,37.8,2,Month-to-Month,Bank Transfer,Mobile,0
50,158512.35,500,67,72270.52,68.7,0,Month-to-Month,Electronic Check,Mobile,0
26,156209.72,829,63,85682.09,30.3,0,Month-to-Month,Electronic Check,Desktop,0
60,167433.61,714,51,123829.62,60.2,3,Month-to-Month,Electronic Check,Mobile,0
71,64097.36,472,2,41285.42,97.3,2,Month-to-Month,Bank Transfer,Mobile,0
65,142031.5,749,64,11280.3,57.0,3,Month-to-Month,Electronic Check,Mobile,0
56,96383.62,536,69,106167.6,113.9,2,Month-to-Month,Bank Transfer,Mobile,0
46,155509.78,802,9,72451.78,101.9,1,Month-to-Month,Credit Card,Tablet,0
59,137916.05,801,2,134475.64,40.6,2,One-Year,Bank Transfer,Desktop,0
72,145349.35,498,34,147402.01,48.6,2,Two-Year,Bank Transfer,Mobile,0
43,126705.08,453,60,59866.4,51.4,4,Two-Year,Electronic Check,Mobile,0
52,52501.46,592,61,62315.85,75.5,4,Month-to-Month,Electronic Check,Tablet,1
67,109479.17,811,31,61194.39,35.1,2,Two-Year,Credit Card,Desktop,0
42,177623.81,580,10,48683.12,116.3,2,Month-to-Month,Bank Transfer,Mobile,0
41,170295.15,828,36,117253.06,73.4,1,Month-to-Month,Bank Transfer,Mobile,0
30,31691.93,555,49,113849.36,48.5,0,Month-to-Month,Electronic Check,Mobile,0
75,50546.3,547,70,71796.73,77.8,3,One-Year,Credit Card,Mobile,0
24,45417.96,745,49,6699.18,48.1,4,Two-Year,Bank Transfer,Desktop,0
74,137526.89,749,3,46433.9,98.3,1,One-Year,Bank Transfer,Mobile,0
53,151756.73,686,5,43845.46,68.6,3,Month-to-Month,Electronic Check,Desktop,0
62,58094.26,842,61,121663.09,6.0,5,One-Year,Bank Transfer,Mobile,0
37,103407.17,436,26,13136.34,22.0,1,Month-to-Month,Bank Transfer,Mobile,0
18,155308.97,491,5,120851.31,103.9,1,Month-to-Month,Electronic Check,Desktop,0
25,138584.24,666,15,100377.55,68.0,1,Month-to-Month,Bank Transfer,Mobile,0
63,109046.77,548,16,109866.22,114.1,5,Month-to-Month,Credit Card,Desktop,1
33,116503.89,395,1,64831.98,9.6,2,Month-to-Month,Credit Card,Desktop,0
31,103795.88,637,16,101958.87,36.1,1,One-Year,Electronic Check,Tablet,0
29,71120.01,364,37,91354.34,24.0,0,Month-to-Month,Credit Card,Mobile,0
68,112578.41,393,3,115347.03,66.9,1,Month-to-Month,Bank Transfer,Mobile,0
40,131777.22,750,52,67015.48,46.6,2,Month-to-Month,Bank Transfer,Desktop,0
32,160365.05,518,47,70923.84,19.7,3,Two-Year,Electronic Check,Mobile,0
45,123625.16,659,13,96536.43,77.5,1,Month-to-Month,Bank Transfer,Mobile,0
51,142973.84,844,55,16211.62,64.8,0,Month-to-Month,Bank Transfer,Mobile,0
19,49811.1,393,21,65436.67,33.7,7,Month-to-Month,Credit Card,Desktop,1
49,96541.41,447,66,145792.63,58.1,0,One-Year,Bank Transfer,Mobile,0
40,26446.4,610,54,5632.85,89.7,4,Month-to-Month,Credit Card,Desktop,0
39,63235.22,458,27,47400.71,25.4,1,Month-to-Month,Electronic Check,Desktop,0
68,137601.57,632,38,47116.47,35.9,3,Month-to-Month,Electronic Check,Mobile,0
42,178730.54,721,58,95019.62,42.2,1,Month-to-Month,Credit Card,Desktop,0
75,40372.61,692,62,15870.05,89.9,3,Month-to-Month,Credit Card,Mobile,0
39,87231.62,453,46,94281.6,101.8,1,One-Year,Bank Transfer,Mobile,0
75,149011.0,605,11,14256.04,45.8,3,Two-Year,Bank Transfer,Mobile,0
75,56625.52,728,8,14243.05,36.3,0,Two-Year,Bank Transfer,Desktop,0
39,111038.17,555,71,109227.5,106.8,2,One-Year,Electronic Check,Mobile,0
66,138626.05,684,64,48620.28,119.9,2,Month-to-Month,Electronic Check,Mobile,0
69,120477.74,392,21,146613.44,80.8,1,Two-Year,Bank Transfer,Tablet,0
59,54143.83,702,63,5602.94,118.8,3,Two-Year,Credit Card,Mobile,0
23,80084.61,594,64,66766.0,79.5,2,Two-Year,Bank Transfer,Tablet,0
32,146487.73,636,20,16970.39,88.3,0,Month-to-Month,Electronic Check,Mobile,0
71,110905.11,704,8,52706.85,47.3,3,Month-to-Month,Bank Transfer,Desktop,0
60,25810.59,622,58,149733.37,52.5,2,Two-Year,Bank Transfer,Desktop,0
54,142953.57,825,46,133326.38,18.2,3,Two-Year,Credit Card,Tablet,0
50,30473.26,432,31,7248.66,98.9,1,One-Year,Electronic Check,Tablet,0
25,140588.74,459,9,84488.38,111.8,2,Two-Year,Electronic Check,Tablet,0
70,56384.49,787,15,97173.35,75.2,2,One-Year,Credit Card,Mobile,0
61,173501.39,539,26,31430.19,41.9,2,Month-to-Month,Credit Card,Desktop,0
61,82030.82,820,10,21765.84,19.3,2,Month-to-Month,Credit Card,Desktop,0
22,75674.4,637,29,135657.17,32.6,1,One-Year,Electronic Check,Mobile,0
56,48077.65,773,36,145322.47,31.4,4,Month-to-Month,Electronic Check,Tablet,1
21,72368.65,746,37,148783.93,74.0,0,Two-Year,Bank Transfer,Mobile,0
23,160880.87,600,71,118464.27,113.5,1,Month-to-Month,Credit Card,Mobile,0
62,179431.82,561,23,99525.31,6.7,3,Two-Year,Credit Card,Mobile,0
49,82087.98,640,41,51859.54,1.1,4,Two-Year,Bank Transfer,Desktop,0
69,94534.65,482,28,25709.75,72.4,3,Month-to-Month,Credit Card,Desktop,0
47,136921.0,550,48,11847.09,34.8,2,Month-to-Month,Bank Transfer,Desktop,0
64,162360.35,634,38,103994.62,105.8,2,One-Year,Credit Card,Mobile,0
52,116921.87,675,31,117708.51,39.9,2,Month-to-Month,Credit Card,Desktop,0
72,85686.48,758,14,123968.05,35.5,0,One-Year,Bank Transfer,Tablet,0
57,88956.39,444,29,137064.75,33.1,1,Month-to-Month,Electronic Check,Mobile,0
69,132820.81,627,51,131989.43,18.2,1,Month-to-Month,Credit Card,Desktop,0
33,25498.83,799,49,149961.19,70.2,1,Month-to-Month,Bank Transfer,Mobile,0
30,121036.35,778,43,36609.6,21.0,1,Month-to-Month,Credit Card,Mobile,0
67,80101.42,674,5,114496.14,51.5,2,Month-to-Month,Bank Transfer,Desktop,0
59,148100.59,568,42,87968.93,55.9,3,Two-Year,Electronic Check,Mobile,0
47,39413.55,438,7,39186.77,3.4,3,Month-to-Month,Credit Card,Desktop,1
36,116171.35,421,42,147285.8,3.0,2,Two-Year,Credit Card,Desktop,0
34,99550.8,596,36,134684.72,62.9,1,Two-Year,Credit Card,Mobile,0
73,124560.46,478,27,19277.35,83.8,1,Two-Year,Bank Transfer,Mobile,0
36,35052.31,561,58,3923.75,113.1,3,Month-to-Month,Bank Transfer,Tablet,0
45,114897.49,777,46,103249.61,22.3,3,One-Year,Credit Card,Mobile,0
75,112030.11,692,66,90619.59,13.3,3,Month-to-Month,Credit Card,Desktop,0
72,111902.31,445,25,140372.34,7.2,1,Month-to-Month,Electronic Check,Tablet,1
43,118540.59,424,27,35100.79,52.9,5,Two-Year,Bank Transfer,Tablet,0
54,129852.53,772,1,12658.19,75.2,5,Month-to-Month,Bank Transfer,Desktop,1
43,149773.29,844,42,38882.3,101.0,1,Two-Year,Electronic Check,Mobile,0
70,66822.21,403,52,2839.15,82.2,1,One-Year,Credit Card,Mobile,0
40,152882.66,693,25,5383.91,25.8,1,Month-to-Month,Electronic Check,Mobile,0
26,102229.63,808,54,137228.67,56.0,4,Month-to-Month,Electronic Check,Desktop,0
29,36944.03,762,67,52802.49,109.3,2,One-Year,Credit Card,Mobile,0
70,34075.39,403,6,61621.35,39.9,4,One-Year,Bank Transfer,Tablet,1
18,76806.94,567,58,2755.75,60.3,5,One-Year,Bank Transfer,Desktop,0
75,146659.03,365,70,40578.27,115.1,1,Month-to-Month,Electronic Check,Mobile,0
75,134690.54,448,53,120708.9,88.4,2,Month-to-Month,Credit Card,Mobile,0
18,147235.32,369,66,92323.64,90.0,2,Month-to-Month,Electronic Check,Desktop,0
64,105176.7,395,58,113067.09,31.0,2,Month-to-Month,Electronic Check,Mobile,1
51,93230.84,800,2,67082.06,50.3,3,Month-to-Month,Electronic Check,Desktop,0
49,47855.14,542,22,46459.38,10.8,1,Month-to-Month,Electronic Check,Tablet,0
71,75869.88,732,37,72421.51,73.2,2,Month-to-Month,Bank Transfer,Tablet,0
65,92273.0,407,20,48460.66,13.3,1,One-Year,Electronic Check,Desktop,0
42,38733.07,786,24,125845.66,100.5,3,One-Year,Credit Card,Tablet,0
57,59194.85,460,65,44651.06,97.9,4,Month-to-Month,Bank Transfer,Desktop,0
62,117724.92,478,65,98964.55,64.5,7,One-Year,Bank Transfer,Mobile,1
70,139027.78,686,1,20547.33,17.8,2,One-Year,Bank Transfer,Desktop,0
18,179743.86,543,3,103029.97,4.0,1,Month-to-Month,Credit Card,Mobile,0
33,169632.57,762,46,136994.96,95.8,2,Month-to-Month,Bank Transfer,Mobile,0
56,124597.61,689,55,91287.47,72.4,3,Month-to-Month,Credit Card,Desktop,0
22,90293.45,675,64,83978.31,85.6,3,Month-to-Month,Credit Card,Tablet,0
39,123607.49,357,45,144167.74,37.2,2,Month-to-Month,Credit Card,Desktop,0
46,146776.0,378,26,94109.48,61.6,3,Month-to-Month,Electronic Check,Mobile,0
72,43342.11,461,65,38932.56,89.9,3,One-Year,Credit Card,Desktop,0
20,88535.26,784,24,43858.65,56.0,3,Two-Year,Electronic Check,Mobile,0
29,155169.35,510,35,105796.0,72.6,1,Month-to-Month,Credit Card,Mobile,0
43,84494.11,480,24,110315.49,95.0,2,One-Year,Bank Transfer,Tablet,0
33,113640.2,537,28,45524.43,26.6,2,Two-Year,Bank Transfer,Mobile,0
68,116104.25,512,16,51801.6,8.8,1,Month-to-Month,Bank Transfer,Mobile,0
54,53593.82,546,59,148658.48,64.3,5,Two-Year,Electronic Check,Desktop,0
39,81146.49,824,54,15292.88,8.4,2,Month-to-Month,Electronic Check,Mobile,0
74,76849.25,713,16,60696.75,92.2,2,Two-Year,Electronic Check,Desktop,0
46,29060.49,553,15,9367.13,86.6,1,Month-to-Month,Bank Transfer,Desktop,0
31,28749.72,561,11,123161.75,105.9,4,Month-to-Month,Bank Transfer,Desktop,1
45,153913.04,458,65,13851.88,77.1,1,One-Year,Bank Transfer,Mobile,0
22,67325.98,625,68,101101.1,9.0,1,Two-Year,Credit Card,Mobile,0
64,105302.21,422,43,8472.51,31.1,1,Month-to-Month,Electronic Check,Mobile,0
66,71302.46,516,69,100928.26,97.1,2,One-Year,Electronic Check,Desktop,0
47,170805.28,609,13,126455.54,20.9,1,One-Year,Credit Card,Mobile,0
63,65191.0,592,10,59823.23,84.1,1,Month-to-Month,Electronic Check,Mobile,0
69,91596.81,624,41,78318.97,93.9,2,Month-to-Month,Electronic Check,Tablet,0
22,160273.19,451,50,60231.26,40.3,7,Month-to-Month,Bank Transfer,Mobile,1
29,155499.7,824,71,45073.31,39.4,1,Month-to-Month,Credit Card,Desktop,0
33,53845.72,522,59,120489.51,67.4,3,One-Year,Electronic Check,Desktop,0
43,149409.71,520,39,40800.39,103.5,3,Two-Year,Bank Transfer,Tablet,0
43,96018.97,490,3,108441.51,27.6,2,One-Year,Credit Card,Tablet,0
65,99860.18,746,7,30929.56,113.0,3,Two-Year,Bank Transfer,Desktop,0
38,45689.4,537,49,37478.07,72.3,6,Month-to-Month,Bank Transfer,Desktop,1
56,37493.23,790,26,50469.17,119.1,0,Month-to-Month,Bank Transfer,Desktop,0
53,137830.59,435,33,88373.46,11.7,2,Two-Year,Bank Transfer,Mobile,0
50,101951.48,825,48,68163.35,16.1,6,Two-Year,Bank Transfer,Mobile,0
47,92711.86,401,2,111771.72,99.4,4,Month-to-Month,Bank Transfer,Mobile,1
54,138073.78,460,71,32035.1,103.9,0,Month-to-Month,Electronic Check,Mobile,0
40,143654.5,786,32,1600.84,54.0,3,Two-Year,Electronic Check,Desktop,0
75,49630.77,714,4,116483.62,86.0,0,Month-to-Month,Bank Transfer,Tablet,0
27,119584.9,691,20,123247.4,104.2,0,Month-to-Month,Electronic Check,Tablet,0
71,45979.88,392,36,8922.02,6.1,4,One-Year,Electronic Check,Mobile,1
22,141463.14,560,32,91636.13,69.3,3,Two-Year,Credit Card,Mobile,0
53,126828.05,805,28,56731.02,102.6,2,One-Year,Electronic Check,Desktop,0
51,173275.27,849,1,119084.35,48.4,2,One-Year,Credit Card,Mobile,0
69,35688.49,549,60,131162.18,37.0,0,Month-to-Month,Credit Card,Desktop,0
48,33843.48,647,56,127650.57,95.7,3,One-Year,Bank Transfer,Desktop,0
27,68739.0,695,35,116580.64,41.0,2,Month-to-Month,Bank Transfer,Desktop,0
75,65564.38,589,30,40357.83,1.4,4,Two-Year,Bank Transfer,Mobile,0
36,63281.71,464,54,121783.45,115.2,4,Month-to-Month,Electronic Check,Mobile,0
75,165469.46,375,36,80021.77,71.5,1,One-Year,Credit Card,Mobile,0
49,63679.66,756,55,7913.49,98.5,1,Two-Year,Electronic Check,Desktop,0
18,67152.21,648,58,68540.83,99.2,3,Month-to-Month,Bank Transfer,Tablet,0
73,142706.73,426,65,141323.69,8.9,2,Two-Year,Electronic Check,Mobile,0
22,94709.68,761,69,133178.9,21.3,2,Month-to-Month,Credit Card,Mobile,0
62,145390.14,486,51,15339.64,38.0,0,Month-to-Month,Bank Transfer,Desktop,0
21,35131.75,369,22,111619.0,39.2,3,Month-to-Month,Bank Transfer,Mobile,0
33,100573.54,789,53,120868.93,79.4,2,Two-Year,Bank Transfer,Tablet,0
41,30210.11,560,36,40708.23,75.2,1,Two-Year,Credit Card,Mobile,0
33,34711.25,589,68,70741.29,59.9,3,Month-to-Month,Bank Transfer,Tablet,0
72,165497.81,388,36,106648.19,26.1,2,Month-to-Month,Credit Card,Tablet,0
19,46583.03,784,52,65856.22,46.5,1,Two-Year,Bank Transfer,Tablet,0
66,107525.21,617,53,16919.54,65.7,2,Month-to-Month,Electronic Check,Mobile,0
45,88719.82,556,50,105882.37,56.7,2,One-Year,Credit Card,Mobile,0
49,78838.22,828,41,136745.8,16.1,2,One-Year,Bank Transfer,Desktop,0
44,164474.17,788,18,97872.71,78.3,1,Two-Year,Electronic Check,Desktop,0
37,28382.63,811,22,116070.11,9.7,3,One-Year,Credit Card,Desktop,0
41,127887.4,616,66,53754.38,46.0,2,Month-to-Month,Credit Card,Mobile,0
29,174326.14,503,21,27479.74,85.5,4,Two-Year,Credit Card,Mobile,0
67,111826.07,391,44,96416.05,3.4,1,Month-to-Month,Credit Card,Tablet,0
52,170207.48,760,47,49165.68,68.8,1,Month-to-Month,Credit Card,Mobile,0
50,33099.97,360,39,129011.03,40.8,4,Month-to-Month,Credit Card,Mobile,1
50,89912.96,643,29,18394.21,2.1,0,Two-Year,Credit Card,Mobile,0
68,65324.46,447,54,65019.55,23.7,2,One-Year,Electronic Check,Desktop,0
60,138277.25,776,17,59509.14,113.0,6,Month-to-Month,Electronic Check,Mobile,1
54,177101.05,624,60,140708.08,63.0,2,One-Year,Electronic Check,Desktop,0
29,64762.16,797,31,22970.22,119.7,3,Month-to-Month,Bank Transfer,Mobile,0
20,126397.06,739,49,1477.02,63.5,2,Two-Year,Credit Card,Mobile,0
18,55705.13,779,2,35712.78,65.7,3,Month-to-Month,Bank Transfer,Desktop,0
50,112626.19,721,48,123041.53,47.6,4,One-Year,Credit Card,Mobile,0
57,96909.54,579,14,31398.27,37.9,1,One-Year,Bank Transfer,Mobile,0
27,175660.83,718,59,36131.71,30.9,1,Month-to-Month,Electronic Check,Desktop,0
60,119321.73,775,58,19484.82,41.9,2,Two-Year,Credit Card,Mobile,0
61,79173.49,569,58,107315.43,55.7,5,Month-to-Month,Bank Transfer,Mobile,0
46,42684.85,414,51,10376.13,23.8,0,One-Year,Bank Transfer,Tablet,0
30,48443.26,704,2,49681.25,27.8,0,One-Year,Electronic Check,Tablet,0
29,59924.12,581,41,42374.81,33.3,4,One-Year,Credit Card,Mobile,0
48,63899.83,677,16,83273.96,54.5,3,Month-to-Month,Credit Card,Mobile,0
63,156845.49,792,4,109562.44,78.7,0,Two-Year,Electronic Check,Mobile,0
19,111989.53,401,12,79931.47,102.9,2,Month-to-Month,Credit Card,Tablet,0
68,106125.59,723,29,139653.9,35.2,3,One-Year,Bank Transfer,Desktop,0
67,42789.18,780,7,142716.4,22.9,2,One-Year,Electronic Check,Mobile,0
52,158321.65,725,14,54219.8,46.1,2,Two-Year,Electronic Check,Tablet,0
40,137036.22,612,12,116652.06,107.4,4,One-Year,Credit Card,Desktop,0
34,35488.6,616,5,110820.21,2.2,1,Month-to-Month,Credit Card,Mobile,1
43,134714.44,708,32,133944.69,81.7,3,Two-Year,Credit Card,Mobile,0
25,109248.42,666,43,67191.55,57.8,4,Month-to-Month,Bank Transfer,Mobile,0
46,37667.43,673,69,79570.98,20.2,3,Month-to-Month,Bank Transfer,Tablet,0
43,96036.6,758,45,62366.15,39.2,2,Two-Year,Electronic Check,Desktop,0
27,100127.92,745,9,127556.54,27.8,6,One-Year,Bank Transfer,Mobile,0
43,50695.05,503,49,34455.35,105.5,1,Month-to-Month,Bank Transfer,Desktop,0
51,171583.21,707,33,35956.36,58.3,4,One-Year,Bank Transfer,Desktop,0
68,156746.18,715,18,55890.77,68.0,1,Month-to-Month,Credit Card,Mobile,0
58,128698.46,489,9,34551.42,71.6,2,Month-to-Month,Credit Card,Mobile,1
24,96655.81,776,62,84151.03,77.1,4,Month-to-Month,Credit Card,Desktop,0
21,88823.66,400,57,20173.52,60.0,2,One-Year,Electronic Check,Mobile,0
75,125900.89,466,29,48027.93,3.1,1,One-Year,Bank Transfer,Mobile,0
70,109541.94,770,25,137016.7,40.8,1,One-Year,Credit Card,Mobile,0
67,34652.33,395,15,61383.82,22.9,1,Month-to-Month,Bank Transfer,Mobile,0
62,104437.91,658,6,112235.06,81.9,3,One-Year,Credit Card,Desktop,0
28,149992.56,437,42,17019.33,7.7,2,Month-to-Month,Credit Card,Mobile,0
46,96182.18,557,29,37134.68,68.1,6,Month-to-Month,Electronic Check,Desktop,1
73,33053.27,726,4,121101.84,26.1,1,Two-Year,Electronic Check,Mobile,0
53,146873.12,618,57,114448.94,113.9,1,Month-to-Month,Credit Card,Desktop,0
42,56211.39,438,49,57923.39,40.9,2,One-Year,Electronic Check,Mobile,0
38,65086.23,730,44,143159.54,39.7,2,Two-Year,Bank Transfer,Desktop,0
74,50529.48,467,14,136596.45,110.9,2,Month-to-Month,Credit Card,Desktop,0
53,76183.34,403,3,144345.11,50.7,1,One-Year,Bank Transfer,Desktop,0
27,142296.48,790,62,64187.2,115.6,2,One-Year,Credit Card,Desktop,0
54,105504.81,465,64,29621.04,3.9,1,Month-to-Month,Credit Card,Mobile,0
26,56756.6,467,45,93998.8,37.5,1,One-Year,Credit Card,Tablet,0
41,161063.66,609,58,102715.97,80.3,4,One-Year,Credit Card,Desktop,0
52,161335.19,424,20,18816.27,107.0,2,Month-to-Month,Credit Card,Desktop,0
66,159939.66,829,58,117972.46,31.5,1,Month-to-Month,Credit Card,Tablet,0
52,62013.41,654,57,2709.03,111.7,2,Two-Year,Bank Transfer,Mobile,0
65,94942.1,356,68,72409.26,71.7,3,One-Year,Bank Transfer,Mobile,0
53,177673.4,715,52,49652.44,96.3,2,Month-to-Month,Credit Card,Desktop,0
35,144661.93,471,37,111045.46,48.3,2,Month-to-Month,Credit Card,Tablet,0
66,29210.95,360,8,46914.11,26.2,1,One-Year,Credit Card,Mobile,0
56,35106.71,697,44,124021.07,109.4,5,Month-to-Month,Electronic Check,Desktop,1
49,96909.36,787,5,89243.02,112.0,2,Month-to-Month,Credit Card,Desktop,0
41,165929.13,838,69,119084.0,60.2,3,One-Year,Electronic Check,Tablet,0
40,108498.78,564,31,148401.1,1.8,0,One-Year,Bank Transfer,Mobile,0
49,102160.94,778,45,101873.75,14.1,2,Month-to-Month,Electronic Check,Mobile,0
54,41348.42,628,9,147742.55,69.2,2,Month-to-Month,Bank Transfer,Mobile,1
29,126800.92,847,32,4325.45,3.8,2,Month-to-Month,Credit Card,Desktop,0
66,152425.99,377,33,50721.0,48.2,3,Month-to-Month,Bank Transfer,Tablet,0
72,83965.1,584,67,16177.99,37.1,3,Month-to-Month,Bank Transfer,Desktop,0
30,145219.84,716,30,39345.74,86.0,1,Month-to-Month,Bank Transfer,Tablet,0
40,174493.88,662,29,125833.18,7.6,2,Month-to-Month,Bank Transfer,Desktop,1
42,56583.8,375,3,4848.49,59.2,1,Month-to-Month,Credit Card,Desktop,0
52,106116.09,758,57,78027.44,69.9,3,Two-Year,Bank Transfer,Mobile,0
58,69506.38,403,30,85069.31,74.5,1,Month-to-Month,Electronic Check,Mobile,0
47,147892.43,378,9,84172.67,49.2,3,Month-to-Month,Electronic Check,Mobile,0
34,114526.97,816,26,71294.56,37.2,4,Month-to-Month,Bank Transfer,Mobile,0
66,123360.27,702,2,118590.44,82.2,1,Month-to-Month,Credit Card,Mobile,0
37,148676.69,513,62,20031.46,101.9,2,Two-Year,Credit Card,Mobile,0
65,86375.42,619,3,46586.55,83.5,2,Month-to-Month,Electronic Check,Mobile,1
42,166838.96,683,46,92358.91,111.9,2,Two-Year,Electronic Check,Desktop,0
39,107619.47,384,68,103642.7,86.4,5,Month-to-Month,Electronic Check,Mobile,0
30,49483.0,635,25,60622.26,92.0,3,Two-Year,Bank Transfer,Desktop,0
36,132864.36,697,51,131305.69,21.0,4,Month-to-Month,Electronic Check,Desktop,1
66,147955.51,622,13,62324.01,50.9,2,Month-to-Month,Electronic Check,Desktop,1
53,74098.06,800,44,60416.42,58.7,1,Month-to-Month,Bank Transfer,Desktop,0
29,157862.78,557,35,5431.09,31.5,0,Month-to-Month,Electronic Check,Desktop,0
58,165452.2,587,55,82671.2,63.9,2,Month-to-Month,Credit Card,Tablet,0
36,67920.2,763,9,106302.13,35.6,2,Month-to-Month,Bank Transfer,Mobile,0
29,177445.83,849,2,17165.72,82.8,3,One-Year,Electronic Check,Mobile,0
26,46810.29,442,61,45814.91,57.0,0,Month-to-Month,Credit Card,Mobile,0
24,56312.43,522,41,117188.54,55.6,2,Month-to-Month,Bank Transfer,Desktop,0
45,53554.85,428,44,54887.92,118.1,7,Month-to-Month,Credit Card,Mobile,1
31,163568.41,459,64,36240.37,47.7,3,One-Year,Electronic Check,Mobile,0
48,126415.35,566,31,100830.1,44.1,1,Month-to-Month,Bank Transfer,Mobile,0
69,48576.16,784,47,29513.82,38.9,3,Month-to-Month,Electronic Check,Desktop,0
36,93250.13,707,2,134347.94,107.5,1,Month-to-Month,Bank Transfer,Desktop,0
75,120371.19,455,69,15839.76,60.1,4,Two-Year,Bank Transfer,Mobile,0
64,37936.93,396,58,105982.47,72.4,2,One-Year,Credit Card,Mobile,0
33,161774.54,530,44,74932.31,22.5,6,Month-to-Month,Electronic Check,Tablet,1
70,149558.55,413,56,130489.43,65.4,6,Month-to-Month,Bank Transfer,Desktop,1
22,103307.05,595,43,18929.26,33.7,4,Month-to-Month,Bank Transfer,Mobile,0
52,174904.63,593,34,101684.24,87.9,2,Month-to-Month,Credit Card,Tablet,0
29,89752.95,771,30,85808.2,100.1,1,One-Year,Electronic Check,Mobile,0
42,177537.1,669,71,72013.52,86.1,3,Month-to-Month,Bank Transfer,Mobile,0
69,128527.6,436,70,73711.09,87.9,2,Month-to-Month,Electronic Check,Mobile,0
38,123374.05,566,55,108296.54,62.0,3,One-Year,Bank Transfer,Tablet,0
53,50723.01,839,67,140661.25,85.7,0,Month-to-Month,Credit Card,Mobile,0
70,161698.8,356,13,13687.75,51.3,1,Month-to-Month,Bank Transfer,Mobile,0
40,91260.9,627,3,2925.4,78.5,2,Month-to-Month,Electronic Check,Tablet,0
33,50146.18,686,26,120855.72,31.8,1,Month-to-Month,Electronic Check,Desktop,0
74,26954.17,559,57,16225.41,9.3,3,Two-Year,Bank Transfer,Desktop,0
56,111762.13,846,24,148004.52,50.2,2,One-Year,Electronic Check,Mobile,0
62,106746.94,518,53,92902.24,56.0,4,Month-to-Month,Credit Card,Mobile,0
70,136499.81,679,70,97629.96,31.5,3,Month-to-Month,Credit Card,Tablet,0
59,162990.0,487,43,29833.76,87.6,3,Month-to-Month,Bank Transfer,Desktop,0
75,37308.02,790,60,36046.85,9.8,4,Month-to-Month,Credit Card,Desktop,1
56,138381.96,740,58,98902.55,27.5,4,Two-Year,Bank Transfer,Tablet,0
31,54048.85,845,49,136459.03,90.1,3,Month-to-Month,Bank Transfer,Desktop,0
48,158017.44,730,42,147358.58,53.0,2,Two-Year,Bank Transfer,Mobile,0
75,151954.84,655,66,29704.64,84.9,4,Month-to-Month,Credit Card,Mobile,0
22,108823.03,579,11,20117.94,68.5,2,Two-Year,Bank Transfer,Mobile,0
52,135087.63,824,18,8460.2,114.1,2,One-Year,Bank Transfer,Mobile,0
40,73724.27,657,52,130244.55,72.1,1,One-Year,Bank Transfer,Tablet,0
46,98031.02,510,46,44207.23,2.8,1,Month-to-Month,Electronic Check,Mobile,0
60,152353.72,350,44,271.81,43.0,4,Two-Year,Credit Card,Tablet,0
28,96186.11,585,22,33572.71,18.0,2,Month-to-Month,Electronic Check,Desktop,0
35,80458.73,786,53,51066.16,111.0,3,Two-Year,Electronic Check,Tablet,0
64,101602.93,537,59,148647.93,13.4,0,One-Year,Bank Transfer,Tablet,0
29,153378.63,767,30,78531.24,47.1,3,Month-to-Month,Bank Transfer,Desktop,0
26,76957.25,353,8,30707.09,27.9,0,Two-Year,Credit Card,Tablet,0
27,51933.05,750,57,50222.75,101.8,2,Two-Year,Credit Card,Desktop,0
75,135362.17,481,20,49546.15,37.7,2,One-Year,Bank Transfer,Desktop,0
61,153026.62,776,25,2958.86,119.0,2,Month-to-Month,Bank Transfer,Desktop,0
34,40598.81,567,19,20277.46,5.6,2,Two-Year,Credit Card,Desktop,0
55,62180.49,609,5,104279.47,16.3,2,One-Year,Bank Transfer,Mobile,0
24,47005.66,350,27,18037.65,27.7,2,One-Year,Electronic Check,Mobile,0
63,78930.92,420,40,34610.14,97.5,1,Two-Year,Credit Card,Mobile,0
30,94804.4,827,26,52610.59,105.5,1,Month-to-Month,Electronic Check,Mobile,0
57,141068.08,527,27,113660.24,9.5,2,Month-to-Month,Credit Card,Mobile,1
59,125927.88,806,62,87360.14,4.9,1,One-Year,Bank Transfer,Tablet,0
26,121243.93,538,50,103350.0,89.6,3,Month-to-Month,Bank Transfer,Desktop,0
67,79618.12,640,42,85051.85,16.9,3,One-Year,Credit Card,Mobile,0
44,155424.37,357,29,102538.86,16.8,4,Month-to-Month,Electronic Check,Desktop,1
75,98049.51,602,39,426.32,3.7,2,Month-to-Month,Bank Transfer,Tablet,0
19,176761.27,757,60,139634.72,6.9,1,Month-to-Month,Credit Card,Desktop,0
22,123292.03,816,41,16638.03,32.4,2,Month-to-Month,Bank Transfer,Desktop,0
46,44571.03,641,33,60937.36,8.7,7,Month-to-Month,Bank Transfer,Mobile,1
54,129807.52,783,16,115655.76,44.9,1,Month-to-Month,Electronic Check,Mobile,0
55,75391.12,593,23,65284.61,100.1,7,Month-to-Month,Bank Transfer,Desktop,1
36,131380.72,472,7,142026.38,39.8,1,One-Year,Credit Card,Mobile,0
25,35794.38,648,26,70138.34,87.6,3,Two-Year,Credit Card,Mobile,0
65,52106.62,632,12,131240.91,12.2,1,Month-to-Month,Bank Transfer,Tablet,1
62,157639.28,381,5,121624.22,79.5,3,Month-to-Month,Bank Transfer,Desktop,1
18,60212.83,683,69,147147.95,38.7,3,Month-to-Month,Electronic Check,Mobile,0
39,154741.37,726,49,138982.17,90.2,4,Month-to-Month,Bank Transfer,Mobile,0
69,68287.79,495,26,134718.58,17.2,5,Two-Year,Electronic Check,Mobile,0
34,124646.7,505,5,109740.65,107.8,2,Month-to-Month,Electronic Check,Mobile,0
24,132593.34,762,22,55049.72,29.9,2,Month-to-Month,Bank Transfer,Desktop,0
42,104461.49,365,13,15918.81,43.0,3,Month-to-Month,Credit Card,Mobile,0
62,72323.15,704,28,103296.76,114.1,3,Two-Year,Credit Card,Desktop,0
21,57959.88,396,33,146798.11,69.8,2,Month-to-Month,Credit Card,Desktop,0
53,30144.35,600,23,108990.67,44.5,3,One-Year,Bank Transfer,Desktop,0
23,72111.69,536,18,139309.41,114.0,2,Month-to-Month,Credit Card,Desktop,0
48,126240.23,380,30,120645.71,40.2,3,Month-to-Month,Credit Card,Mobile,0
36,170437.25,609,26,24467.2,12.3,2,Two-Year,Credit Card,Desktop,0
61,160036.69,770,16,37380.57,119.6,5,Month-to-Month,Credit Card,Desktop,1
71,143740.04,366,39,51279.84,32.9,0,One-Year,Credit Card,Desktop,0
56,147209.34,388,33,25239.07,102.3,0,One-Year,Credit Card,Mobile,0
44,128072.66,653,26,87247.7,20.7,5,Month-to-Month,Bank Transfer,Mobile,0
27,65344.46,779,48,146317.58,88.0,2,Month-to-Month,Credit Card,Mobile,0
43,165615.23,823,65,114218.83,63.4,2,One-Year,Electronic Check,Desktop,0
36,128963.51,781,38,63508.01,117.7,3,Month-to-Month,Credit Card,Desktop,0
56,111868.3,388,2,675.67,66.8,4,Month-to-Month,Electronic Check,Desktop,1
20,42203.37,838,6,46991.4,4.0,0,Month-to-Month,Bank Transfer,Desktop,1
62,94293.61,481,46,79013.89,72.9,0,One-Year,Bank Transfer,Mobile,0
30,96355.53,379,50,48637.63,18.3,4,Two-Year,Bank Transfer,Tablet,0
67,159007.36,507,38,16655.24,96.0,2,Two-Year,Credit Card,Desktop,0
45,109730.47,627,18,66414.74,102.9,3,Month-to-Month,Credit Card,Mobile,0
75,83962.09,552,27,37987.92,58.4,2,Month-to-Month,Electronic Check,Desktop,1
37,176404.05,415,41,136384.86,94.2,2,Month-to-Month,Electronic Check,Desktop,0
45,42161.69,457,17,15263.18,18.3,2,Month-to-Month,Electronic Check,Mobile,1
25,90495.01,617,62,7372.89,59.6,0,Two-Year,Bank Transfer,Desktop,0
58,31513.82,571,29,797.13,47.9,0,One-Year,Bank Transfer,Tablet,0
56,139685.14,641,58,49210.45,73.7,2,One-Year,Bank Transfer,Mobile,0
18,167301.87,367,70,99058.03,6.3,4,Month-to-Month,Bank Transfer,Mobile,0
20,68405.79,439,22,109562.06,90.5,2,Two-Year,Electronic Check,Mobile,0
30,158042.96,530,6,67989.25,10.4,2,Two-Year,Credit Card,Tablet,0
45,70293.83,604,26,102649.3,79.1,1,Month-to-Month,Electronic Check,Mobile,0
74,166169.38,804,39,53987.11,3.2,3,Month-to-Month,Credit Card,Mobile,0
66,141864.1,602,12,100170.93,100.0,3,Month-to-Month,Bank Transfer,Mobile,0
42,149760.55,606,14,6089.4,21.8,1,Month-to-Month,Electronic Check,Mobile,0
73,27791.02,732,22,58612.95,62.3,3,Two-Year,Electronic Check,Mobile,0
50,174235.61,791,51,118627.45,32.1,0,Month-to-Month,Bank Transfer,Mobile,0
55,137634.0,695,23,120450.9,87.0,2,One-Year,Credit Card,Mobile,0
70,72236.42,436,48,107422.32,39.2,4,One-Year,Credit Card,Mobile,0
23,153556.17,439,71,30635.79,87.2,2,Month-to-Month,Credit Card,Tablet,0
75,68635.79,586,50,37080.77,34.9,2,Month-to-Month,Bank Transfer,Tablet,0
61,160276.85,739,13,149413.31,90.5,1,Two-Year,Bank Transfer,Mobile,0
62,42449.96,419,10,15506.7,4.6,2,Month-to-Month,Bank Transfer,Desktop,1
49,134071.33,393,55,27099.4,34.7,2,One-Year,Bank Transfer,Desktop,0
62,108808.26,549,9,19503.94,60.3,3,One-Year,Bank Transfer,Mobile,0
64,39962.84,501,52,49148.24,6.4,1,Month-to-Month,Bank Transfer,Mobile,0
38,62493.54,435,2,31526.38,23.1,1,Two-Year,Electronic Check,Desktop,0
33,26922.63,368,25,74653.19,112.2,2,Month-to-Month,Credit Card,Mobile,0
71,97659.03,450,13,71403.11,117.2,3,One-Year,Electronic Check,Desktop,0
38,71696.12,751,51,135225.84,89.0,5,One-Year,Credit Card,Desktop,0
28,117745.41,444,58,5210.99,31.0,2,Month-to-Month,Bank Transfer,Desktop,0
54,71071.86,603,34,47981.94,32.0,2,Month-to-Month,Electronic Check,Desktop,1
53,71487.46,706,35,89498.68,77.8,1,One-Year,Credit Card,Desktop,0
52,140194.95,379,3,90720.26,15.0,0,One-Year,Credit Card,Tablet,0
36,32462.14,598,59,72018.93,113.8,2,Month-to-Month,Credit Card,Desktop,0
37,164948.72,775,70,122349.83,27.8,0,One-Year,Credit Card,Mobile,0
74,157100.9,382,48,9408.33,120.0,1,One-Year,Bank Transfer,Desktop,0
35,128509.73,807,64,122323.16,60.0,3,Month-to-Month,Credit Card,Desktop,0
64,116949.34,578,19,74213.14,92.8,2,Month-to-Month,Credit Card,Desktop,0
58,163306.89,361,67,20064.1,1.3,3,Month-to-Month,Bank Transfer,Mobile,0
66,53726.18,467,5,132855.29,106.8,2,Month-to-Month,Bank Transfer,Mobile,0
31,37240.22,699,67,97384.32,33.1,4,Month-to-Month,Bank Transfer,Tablet,0
32,62124.08,504,11,24531.85,80.5,4,Two-Year,Bank Transfer,Tablet,0
48,148159.63,772,68,5047.46,97.0,1,Month-to-Month,Bank Transfer,Mobile,0
18,30373.89,742,69,21166.45,20.5,3,Month-to-Month,Credit Card,Mobile,0
70,115335.06,595,1,91319.69,53.7,1,One-Year,Bank Transfer,Desktop,0
71,179292.82,754,63,26894.44,59.8,2,Month-to-Month,Electronic Check,Mobile,0
71,157632.89,681,29,33864.46,38.1,0,Month-to-Month,Credit Card,Mobile,0
20,105824.08,596,12,3770.96,58.3,2,One-Year,Electronic Check,Desktop,0
33,34864.34,378,41,108439.6,38.8,0,One-Year,Electronic Check,Desktop,0
40,153862.89,510,2,121554.66,43.9,2,One-Year,Electronic Check,Mobile,0
74,117841.67,584,37,119527.23,80.7,5,One-Year,Bank Transfer,Desktop,1
28,42814.61,539,45,19135.22,76.3,0,Month-to-Month,Bank Transfer,Desktop,0
29,39547.88,466,48,135495.17,28.6,0,Two-Year,Electronic Check,Desktop,0
27,165992.16,620,24,100841.82,107.8,0,Month-to-Month,Bank Transfer,Mobile,0
49,128726.04,607,22,134629.29,103.7,1,Month-to-Month,Bank Transfer,Mobile,0
33,153539.45,529,11,67074.08,61.6,1,Month-to-Month,Credit Card,Mobile,0
25,161241.73,836,58,65543.23,52.6,2,Month-to-Month,Credit Card,Mobile,0
55,113624.71,722,46,117680.48,45.8,2,Month-to-Month,Credit Card,Mobile,0
29,105204.18,521,29,13994.68,85.2,3,One-Year,Credit Card,Mobile,0
41,91716.25,787,35,78131.11,80.9,1,Month-to-Month,Bank Transfer,Mobile,0
45,74126.72,623,15,125457.64,24.3,3,Month-to-Month,Electronic Check,Mobile,0
70,92362.37,608,60,124528.88,80.9,3,One-Year,Electronic Check,Mobile,0
25,144951.35,484,42,143419.93,31.0,1,One-Year,Electronic Check,Mobile,0
75,118298.13,520,43,104740.89,3.2,3,Month-to-Month,Electronic Check,Desktop,1
45,163341.11,559,49,31165.59,84.2,8,Month-to-Month,Electronic Check,Mobile,1
53,93723.9,585,64,3042.05,77.7,4,Month-to-Month,Electronic Check,Mobile,1
43,119098.88,771,32,71912.37,49.9,3,Month-to-Month,Credit Card,Mobile,0
25,122852.67,770,64,77055.58,63.6,2,One-Year,Bank Transfer,Desktop,0
75,116713.06,535,2,36039.39,113.7,5,Month-to-Month,Bank Transfer,Mobile,1
67,133908.23,766,24,18704.62,71.8,1,Month-to-Month,Credit Card,Tablet,0
45,61802.19,713,66,87931.22,79.3,4,Month-to-Month,Electronic Check,Desktop,0
45,104416.39,792,38,114638.35,8.6,0,Two-Year,Credit Card,Mobile,0
54,41154.84,444,31,148973.12,20.8,3,Month-to-Month,Credit Card,Desktop,0
58,84599.26,727,26,113745.39,36.8,4,One-Year,Credit Card,Desktop,1
53,100588.4,360,29,119044.86,65.2,1,Month-to-Month,Bank Transfer,Mobile,0
44,126094.76,417,67,92469.13,93.4,1,One-Year,Bank Transfer,Mobile,0
71,172332.31,728,25,147888.4,39.2,2,Two-Year,Bank Transfer,Desktop,0
34,118100.92,559,48,95993.46,43.4,1,Month-to-Month,Credit Card,Tablet,0
26,140257.06,545,65,129037.99,31.5,4,Two-Year,Bank Transfer,Mobile,0
50,103471.24,718,53,141867.7,31.3,4,One-Year,Bank Transfer,Mobile,0
70,123286.12,447,67,139478.78,113.9,1,One-Year,Electronic Check,Mobile,0
37,35994.49,442,18,57212.3,76.6,3,One-Year,Credit Card,Desktop,0
30,64430.7,821,9,11799.31,19.6,3,Month-to-Month,Credit Card,Desktop,0
45,81087.23,371,38,25781.06,86.9,2,Month-to-Month,Credit Card,Mobile,0
65,98236.47,799,21,8883.5,86.9,2,Two-Year,Electronic Check,Desktop,0
46,32075.56,521,65,15809.54,80.3,1,Month-to-Month,Credit Card,Mobile,0
30,46703.74,732,21,27697.69,17.0,1,Two-Year,Credit Card,Desktop,0
63,67906.22,483,27,51164.15,49.6,1,One-Year,Credit Card,Mobile,0
52,175587.57,775,70,81530.95,13.7,2,Month-to-Month,Electronic Check,Desktop,0
23,76358.79,374,44,106752.31,98.2,2,One-Year,Bank Transfer,Desktop,0
35,99716.36,534,28,31639.1,79.0,2,Two-Year,Bank Transfer,Desktop,0
68,55395.15,434,45,100878.36,61.4,2,Month-to-Month,Bank Transfer,Mobile,0
22,119670.91,404,17,105638.86,41.8,2,Month-to-Month,Credit Card,Desktop,0
64,68505.9,600,40,83793.35,22.9,3,One-Year,Credit Card,Desktop,0
42,57083.85,493,3,135542.68,13.7,0,Two-Year,Credit Card,Tablet,0
19,105068.76,700,66,16649.22,116.3,2,One-Year,Credit Card,Mobile,0
27,25853.4,747,46,26568.22,24.8,1,Month-to-Month,Electronic Check,Desktop,0
73,26187.93,516,30,64299.72,8.1,1,Month-to-Month,Bank Transfer,Mobile,1
47,58955.67,761,69,19006.91,115.4,1,Two-Year,Bank Transfer,Mobile,0
67,30691.81,573,9,84944.42,66.3,2,Month-to-Month,Credit Card,Mobile,0
62,41743.99,569,11,59760.07,95.8,1,Month-to-Month,Credit Card,Mobile,0
22,77523.4,528,69,42689.37,6.2,1,Month-to-Month,Credit Card,Mobile,0
72,149400.78,468,66,25498.47,68.5,3,Month-to-Month,Bank Transfer,Mobile,0
73,113667.54,782,31,50300.74,48.4,3,Month-to-Month,Credit Card,Mobile,0
50,104463.5,614,33,91193.9,92.9,4,Month-to-Month,Bank Transfer,Desktop,1
71,70490.77,791,39,86367.78,5.6,3,One-Year,Bank Transfer,Mobile,0
18,169421.83,778,46,24543.6,48.8,2,Month-to-Month,Electronic Check,Desktop,0
35,86537.33,499,37,18737.97,96.1,3,Month-to-Month,Credit Card,Desktop,0
49,38499.38,765,60,4001.51,63.2,3,Month-to-Month,Credit Card,Desktop,0
64,120645.31,802,31,1863.84,66.5,6,Two-Year,Credit Card,Desktop,0
66,42644.95,564,11,131971.57,12.6,3,One-Year,Bank Transfer,Mobile,0
28,78509.59,546,2,6763.33,16.7,1,Month-to-Month,Credit Card,Desktop,0
38,103648.85,391,27,109683.17,81.6,1,Month-to-Month,Bank Transfer,Desktop,0
43,160504.49,402,2,130797.76,81.3,3,One-Year,Bank Transfer,Desktop,0
42,101499.72,829,21,14708.68,117.5,1,Two-Year,Credit Card,Desktop,0
39,133850.11,792,58,65445.21,85.7,3,Month-to-Month,Credit Card,Desktop,0
44,178886.61,679,5,144345.45,59.7,2,Month-to-Month,Credit Card,Mobile,0
66,45380.81,600,52,125120.8,103.0,1,One-Year,Credit Card,Desktop,0
30,67583.39,644,45,73455.6,13.4,0,One-Year,Credit Card,Desktop,0
50,86159.29,727,20,114385.67,54.5,1,One-Year,Bank Transfer,Mobile,0
51,90383.37,620,61,125006.64,35.2,0,Month-to-Month,Bank Transfer,Desktop,0
58,88708.27,804,38,52204.04,13.5,1,Month-to-Month,Credit Card,Desktop,0
52,165679.71,762,20,133822.94,91.9,1,Month-to-Month,Bank Transfer,Desktop,0
18,135675.06,472,25,70571.0,61.8,3,Month-to-Month,Credit Card,Tablet,0
38,119225.31,716,2,79171.1,67.3,0,Two-Year,Bank Transfer,Mobile,0
65,72952.77,736,32,149956.15,49.9,1,Month-to-Month,Electronic Check,Desktop,0
72,152687.51,688,26,126495.44,55.8,0,One-Year,Electronic Check,Desktop,0
23,173034.38,615,70,54265.5,14.8,3,Month-to-Month,Credit Card,Desktop,0
45,152285.73,697,41,1551.84,81.1,1,Month-to-Month,Bank Transfer,Mobile,0
34,25242.59,378,67,93926.11,52.5,3,Two-Year,Electronic Check,Mobile,0
22,123642.21,812,1,105587.01,98.2,6,One-Year,Credit Card,Desktop,0
48,32925.98,384,51,97620.4,24.4,0,Two-Year,Bank Transfer,Mobile,0
22,64929.12,355,5,145179.35,25.4,3,Month-to-Month,Electronic Check,Tablet,0
55,34226.33,745,13,129445.65,77.8,2,Month-to-Month,Credit Card,Mobile,0
20,118588.3,460,19,67324.75,101.7,1,Month-to-Month,Bank Transfer,Desktop,0
70,131421.44,643,12,9428.62,57.2,2,Month-to-Month,Bank Transfer,Mobile,0
40,42745.58,426,48,71408.82,87.5,4,Month-to-Month,Credit Card,Desktop,0
54,84495.03,698,25,103386.6,119.9,6,Two-Year,Credit Card,Desktop,0
70,95716.66,496,57,91156.47,118.8,2,Month-to-Month,Credit Card,Mobile,0
54,82203.22,416,35,80720.56,89.6,2,Two-Year,Credit Card,Desktop,0
27,43758.88,741,5,70322.84,89.0,3,Month-to-Month,Credit Card,Mobile,0
27,89936.91,357,22,44064.28,30.5,1,One-Year,Credit Card,Desktop,0
36,141432.6,471,57,41602.01,100.2,1,Month-to-Month,Credit Card,Desktop,0
34,36006.19,689,47,75034.72,49.2,1,Month-to-Month,Bank Transfer,Mobile,0
38,37427.9,524,54,24090.47,115.5,1,Two-Year,Bank Transfer,Mobile,0
31,79989.55,737,3,51102.81,10.7,4,Month-to-Month,Credit Card,Desktop,1
26,170967.49,528,53,48596.89,52.9,3,One-Year,Credit Card,Mobile,0
63,128628.76,434,31,88069.92,67.1,2,One-Year,Credit Card,Mobile,0
18,130193.84,800,69,10002.35,49.2,2,Two-Year,Credit Card,Desktop,0
68,81097.6,394,33,124450.3,26.1,4,One-Year,Credit Card,Mobile,0
62,117017.42,485,50,84356.76,71.6,3,Month-to-Month,Bank Transfer,Desktop,0
30,26570.33,692,16,100624.0,91.0,2,One-Year,Credit Card,Desktop,0
21,123594.89,365,39,105464.09,77.7,2,Month-to-Month,Credit Card,Mobile,0
18,166559.48,682,46,43722.62,28.9,5,Month-to-Month,Bank Transfer,Mobile,0
66,119948.89,544,47,70555.74,88.1,3,Month-to-Month,Bank Transfer,Desktop,0
57,160423.28,845,44,143436.89,31.6,5,Month-to-Month,Bank Transfer,Mobile,0
49,137215.82,358,9,115005.79,21.8,1,Month-to-Month,Electronic Check,Mobile,0
51,43686.55,665,50,145433.53,83.2,1,Two-Year,Credit Card,Desktop,0
45,164880.26,683,60,111938.15,101.3,4,Month-to-Month,Electronic Check,Desktop,0
48,35298.8,682,15,26340.02,58.3,4,Two-Year,Electronic Check,Mobile,0
25,107764.96,676,36,9680.38,64.2,2,Month-to-Month,Credit Card,Desktop,0
56,47031.25,364,63,86649.22,37.0,4,One-Year,Electronic Check,Desktop,0
43,26814.52,676,69,53671.99,59.9,2,Month-to-Month,Electronic Check,Desktop,0
75,90415.31,451,41,41318.69,16.7,2,Month-to-Month,Electronic Check,Desktop,0
51,70731.31,575,24,121081.65,114.7,1,Two-Year,Bank Transfer,Tablet,0
71,100330.08,774,49,55048.99,96.2,2,Two-Year,Bank Transfer,Mobile,0
71,114465.98,627,18,47550.15,80.5,3,Month-to-Month,Credit Card,Mobile,0
20,31779.56,757,7,127498.14,65.0,0,Two-Year,Bank Transfer,Mobile,0
67,44065.51,462,4,126943.1,95.3,4,One-Year,Credit Card,Mobile,1
29,111589.57,834,69,53455.0,59.9,1,Two-Year,Credit Card,Mobile,0
18,78190.94,777,60,124874.81,36.7,3,One-Year,Electronic Check,Mobile,0
71,138021.89,350,55,127616.77,20.1,5,Two-Year,Credit Card,Desktop,0
61,126105.21,615,16,63589.58,78.1,0,Two-Year,Bank Transfer,Mobile,0
22,156068.68,840,29,9970.97,111.6,1,Month-to-Month,Credit Card,Desktop,0
47,132336.39,557,23,237.7,19.3,1,Month-to-Month,Credit Card,Mobile,0
47,91639.32,459,14,78493.87,22.4,2,Month-to-Month,Bank Transfer,Tablet,0
74,129309.83,549,49,51611.32,52.6,3,One-Year,Credit Card,Desktop,0
34,67684.08,789,33,149569.78,97.0,1,Two-Year,Electronic Check,Desktop,0
65,72478.59,718,25,115861.65,36.0,0,One-Year,Credit Card,Tablet,0
64,147292.7,822,21,114191.32,31.2,0,One-Year,Credit Card,Tablet,0
40,94195.03,655,17,143286.42,74.8,2,Month-to-Month,Credit Card,Desktop,0
32,148748.95,361,23,133158.66,64.7,5,Month-to-Month,Credit Card,Mobile,0
54,152475.47,694,57,47728.12,8.2,4,Month-to-Month,Credit Card,Desktop,1
38,157922.16,814,58,24898.08,10.7,2,One-Year,Bank Transfer,Mobile,0
31,167078.46,537,14,111883.84,77.5,5,Month-to-Month,Bank Transfer,Mobile,1
19,91802.71,503,20,56741.08,56.3,3,Month-to-Month,Credit Card,Mobile,0
28,74424.36,843,30,70975.9,116.5,1,Month-to-Month,Credit Card,Mobile,0
68,115240.81,717,19,94559.66,81.7,2,Month-to-Month,Electronic Check,Mobile,0
56,82531.73,683,53,136180.9,2.2,1,Month-to-Month,Bank Transfer,Mobile,1
55,118166.5,774,56,62863.16,58.2,2,Month-to-Month,Bank Transfer,Mobile,0
51,134365.81,769,23,117497.53,50.3,2,Two-Year,Bank Transfer,Mobile,0
55,131702.78,726,62,40250.97,13.7,4,Month-to-Month,Bank Transfer,Mobile,0
67,83055.7,628,33,104695.77,110.9,1,Two-Year,Electronic Check,Desktop,0
51,50863.33,520,18,236.91,96.8,3,Month-to-Month,Electronic Check,Mobile,0
35,91732.05,483,33,130726.08,28.4,0,Two-Year,Credit Card,Tablet,0
47,47102.09,844,32,4556.94,31.5,4,One-Year,Credit Card,Mobile,0
32,162965.04,802,61,106913.06,4.8,4,Two-Year,Credit Card,Tablet,0
44,78611.01,776,54,6938.73,36.3,1,Two-Year,Electronic Check,Mobile,0
68,48941.26,374,17,39936.85,70.6,3,One-Year,Credit Card,Tablet,0
51,28944.4,367,19,74580.36,51.1,4,Two-Year,Bank Transfer,Mobile,0
69,125102.47,539,70,62990.8,116.3,2,One-Year,Bank Transfer,Desktop,0
74,123719.86,490,34,28775.42,7.7,2,One-Year,Bank Transfer,Mobile,0
55,77793.65,392,25,50072.24,71.4,3,Month-to-Month,Credit Card,Desktop,0
50,36115.34,683,68,109155.96,103.1,2,Two-Year,Credit Card,Mobile,0
41,88492.48,633,11,100388.56,58.2,3,Two-Year,Credit Card,Desktop,0
32,73238.71,495,16,10772.19,1.4,2,Month-to-Month,Credit Card,Desktop,0
47,129953.7,664,61,112097.37,29.9,1,One-Year,Credit Card,Tablet,0
72,118895.78,793,7,7956.88,39.5,2,Two-Year,Bank Transfer,Desktop,0
59,81512.03,668,16,81438.96,116.0,3,One-Year,Electronic Check,Mobile,0
68,58773.35,790,16,39009.41,109.5,1,Two-Year,Bank Transfer,Mobile,0
34,178145.57,441,40,88153.52,114.0,2,Month-to-Month,Bank Transfer,Desktop,0
22,95370.25,528,12,39199.26,99.3,0,Month-to-Month,Bank Transfer,Mobile,0
46,131682.51,405,35,147743.7,42.8,3,Month-to-Month,Credit Card,Desktop,0
21,46785.71,504,21,46459.23,108.8,2,Month-to-Month,Credit Card,Mobile,0
27,100266.4,509,50,36294.1,117.8,3,Month-to-Month,Credit Card,Desktop,0
73,29268.19,460,43,41769.79,42.7,3,Month-to-Month,Electronic Check,Desktop,0
34,103345.54,486,17,134470.93,32.0,1,Month-to-Month,Electronic Check,Mobile,0
27,174422.7,581,32,95432.82,66.1,1,Month-to-Month,Bank Transfer,Desktop,0
34,84552.04,829,41,109602.61,23.3,2,Month-to-Month,Credit Card,Mobile,0
37,31044.38,817,6,137701.58,4.9,2,One-Year,Bank Transfer,Mobile,0
41,29798.15,569,27,136780.87,113.6,3,Month-to-Month,Bank Transfer,Tablet,0
22,85137.95,830,20,110841.88,111.2,4,Month-to-Month,Bank Transfer,Mobile,0
51,49803.87,417,25,29673.66,20.4,2,Month-to-Month,Bank Transfer,Desktop,0
23,28619.57,651,66,126506.0,49.5,0,Month-to-Month,Electronic Check,Desktop,0
70,142213.11,598,9,30566.41,99.9,4,Two-Year,Bank Transfer,Desktop,0
19,96071.07,831,53,111434.82,79.7,5,Month-to-Month,Bank Transfer,Mobile,0
30,69832.94,845,61,102840.46,48.0,5,Two-Year,Electronic Check,Desktop,0
60,164512.89,672,38,113833.33,89.6,2,Month-to-Month,Bank Transfer,Mobile,0
60,43001.54,759,3,79902.85,107.7,1,Two-Year,Bank Transfer,Mobile,0
65,173167.42,741,70,95808.93,111.2,3,Month-to-Month,Bank Transfer,Tablet,0
28,73664.84,355,55,142998.01,46.1,3,Month-to-Month,Electronic Check,Mobile,0
68,162702.57,813,1,15163.29,21.7,1,Two-Year,Bank Transfer,Desktop,0
64,118456.15,629,70,46327.09,109.6,3,Month-to-Month,Bank Transfer,Mobile,0
74,153139.64,781,45,91703.55,12.0,2,One-Year,Credit Card,Mobile,0
40,177522.04,836,47,144608.12,86.9,4,Month-to-Month,Electronic Check,Mobile,0
72,69702.84,443,26,14336.17,17.7,3,One-Year,Bank Transfer,Mobile,0
33,173976.0,778,14,3382.38,47.3,2,Two-Year,Bank Transfer,Mobile,0
48,85369.69,618,54,8362.44,50.0,2,Two-Year,Electronic Check,Mobile,0
28,84754.35,546,71,7860.85,19.9,0,Month-to-Month,Electronic Check,Desktop,0
71,77760.0,374,46,136172.38,110.8,3,Month-to-Month,Electronic Check,Mobile,0
33,108918.18,497,31,108188.69,1.3,3,Two-Year,Credit Card,Mobile,0
25,48892.48,467,59,101565.95,107.4,5,Two-Year,Bank Transfer,Mobile,0
21,110825.28,687,29,78385.92,106.2,1,Month-to-Month,Credit Card,Desktop,0
57,108964.25,716,17,117292.89,38.7,2,One-Year,Credit Card,Mobile,0
21,143094.78,687,14,23347.2,84.8,4,Month-to-Month,Electronic Check,Tablet,1
73,154215.74,415,36,58791.18,31.1,2,Two-Year,Electronic Check,Mobile,0
42,93268.41,807,58,73500.64,91.3,3,Month-to-Month,Bank Transfer,Mobile,0
20,71861.65,650,24,16561.42,67.8,3,One-Year,Credit Card,Mobile,0
49,65196.91,719,63,62927.06,36.7,1,One-Year,Credit Card,Mobile,0
20,55166.69,524,25,47475.27,48.6,2,Two-Year,Bank Transfer,Desktop,0
44,33935.38,668,59,5337.32,83.1,0,Two-Year,Credit Card,Mobile,0
46,78079.44,425,32,20510.31,108.8,0,Month-to-Month,Bank Transfer,Mobile,0
49,66888.39,844,18,114605.52,16.6,2,One-Year,Bank Transfer,Mobile,0
67,174794.69,810,37,2705.69,69.0,2,Two-Year,Electronic Check,Mobile,0
75,111444.87,463,26,140137.99,31.2,1,One-Year,Credit Card,Tablet,0
68,78827.94,460,9,12963.69,96.4,1,One-Year,Credit Card,Desktop,0
36,114972.48,598,64,119885.71,9.4,4,One-Year,Electronic Check,Mobile,0
38,46575.49,788,20,134792.48,83.0,1,Month-to-Month,Bank Transfer,Mobile,0
22,93826.78,552,54,141170.34,21.8,2,One-Year,Credit Card,Tablet,0
35,122066.32,496,30,130121.55,72.0,0,Month-to-Month,Credit Card,Desktop,0
45,100779.16,384,53,43132.51,100.4,0,Month-to-Month,Electronic Check,Tablet,0
59,87275.71,836,63,49963.07,90.9,3,Two-Year,Bank Transfer,Mobile,0
39,179046.5,658,11,63981.85,90.6,3,Month-to-Month,Electronic Check,Mobile,0
38,161448.79,375,31,20894.5,62.6,4,Month-to-Month,Credit Card,Desktop,1
23,121627.92,587,49,3340.87,107.0,1,Month-to-Month,Electronic Check,Desktop,0
18,113253.49,363,19,130368.24,71.0,2,Month-to-Month,Bank Transfer,Desktop,0
22,121202.37,723,12,83119.31,110.2,1,Two-Year,Credit Card,Mobile,0
58,56203.38,394,15,91308.44,66.0,3,One-Year,Electronic Check,Desktop,0
29,86246.35,777,31,139048.27,61.2,3,Month-to-Month,Bank Transfer,Mobile,0
43,31116.23,565,43,99768.03,27.5,2,Month-to-Month,Electronic Check,Mobile,0
63,98709.64,582,37,103628.03,65.8,4,Month-to-Month,Electronic Check,Desktop,0
51,109168.81,542,29,118045.3,17.7,0,Month-to-Month,Credit Card,Desktop,0
66,60301.21,400,26,17452.27,104.5,2,One-Year,Bank Transfer,Desktop,0
31,174424.47,776,2,54024.32,81.4,2,Month-to-Month,Bank Transfer,Tablet,0
43,165965.46,724,15,145231.19,119.2,2,One-Year,Bank Transfer,Desktop,0
62,136932.2,563,4,138439.51,12.0,0,Month-to-Month,Bank Transfer,Desktop,1
44,107674.93,500,50,132611.29,29.6,1,Month-to-Month,Electronic Check,Desktop,0
26,159845.22,789,38,67813.28,105.4,2,Month-to-Month,Credit Card,Mobile,0
43,45251.11,624,23,128578.94,48.0,2,Month-to-Month,Bank Transfer,Desktop,0
74,147529.02,687,59,7259.38,56.5,1,Two-Year,Credit Card,Mobile,0
64,44347.23,425,28,22277.61,103.4,1,Month-to-Month,Credit Card,Desktop,0
74,148102.65,788,66,62095.15,63.1,1,Month-to-Month,Electronic Check,Mobile,0
39,67743.97,569,8,72508.81,24.0,2,Two-Year,Credit Card,Mobile,0
64,160949.04,697,29,39526.07,107.2,1,One-Year,Credit Card,Mobile,0
73,171326.52,793,11,53471.5,4.7,4,Month-to-Month,Credit Card,Desktop,1
47,48063.38,536,18,24416.42,107.6,2,Two-Year,Bank Transfer,Mobile,0
60,96714.72,638,55,73370.1,7.0,1,Month-to-Month,Credit Card,Mobile,0
65,177053.04,752,50,119076.49,80.2,1,One-Year,Bank Transfer,Desktop,0
34,99928.15,377,14,99204.06,9.5,2,Month-to-Month,Bank Transfer,Mobile,1
43,158849.87,728,9,16168.84,85.0,1,One-Year,Credit Card,Mobile,0
53,116253.39,529,11,73137.24,5.0,1,Month-to-Month,Bank Transfer,Mobile,1
18,83176.14,602,63,104646.96,101.3,1,Month-to-Month,Credit Card,Desktop,0
25,69296.45,475,67,79484.29,56.4,1,One-Year,Bank Transfer,Desktop,0
66,56499.58,526,53,58751.34,12.1,4,One-Year,Credit Card,Tablet,0
52,143078.72,386,39,93287.16,85.1,1,One-Year,Credit Card,Mobile,0
69,84913.78,759,56,145295.8,59.2,2,Two-Year,Credit Card,Mobile,0
32,104247.7,448,28,14236.19,23.7,2,Month-to-Month,Credit Card,Mobile,0
64,101310.45,447,39,58502.41,2.9,1,Month-to-Month,Bank Transfer,Tablet,0
73,114478.25,476,25,60990.88,50.7,2,One-Year,Credit Card,Desktop,0
39,159164.46,832,21,86545.1,11.2,1,One-Year,Credit Card,Desktop,0
31,177014.6,517,10,22826.19,12.2,3,Month-to-Month,Credit Card,Tablet,0
43,88175.55,429,43,26496.45,32.8,4,Month-to-Month,Electronic Check,Mobile,1
45,153265.43,643,15,42804.21,76.0,3,One-Year,Bank Transfer,Mobile,0
40,143501.81,682,48,143380.51,64.1,3,Two-Year,Credit Card,Desktop,0
31,113896.99,475,21,110116.29,9.2,6,One-Year,Credit Card,Desktop,1
41,173187.31,692,60,99254.0,116.2,2,Month-to-Month,Electronic Check,Desktop,0
19,56073.55,659,50,122543.65,106.6,1,One-Year,Credit Card,Desktop,0
62,41935.95,499,23,19136.47,31.8,4,Two-Year,Electronic Check,Desktop,1
43,157364.1,365,13,128899.92,15.6,2,Two-Year,Credit Card,Tablet,0
31,93068.22,377,69,89224.91,113.1,3,Two-Year,Credit Card,Desktop,0
73,156280.17,845,4,50299.35,55.9,1,Two-Year,Bank Transfer,Mobile,0
68,163428.98,768,9,122378.29,38.0,2,Month-to-Month,Bank Transfer,Desktop,0
24,34680.93,793,35,120384.68,59.4,3,Month-to-Month,Electronic Check,Desktop,0
20,161937.04,522,21,126856.29,93.0,1,One-Year,Electronic Check,Desktop,0
64,94489.45,395,58,17327.69,21.0,1,Month-to-Month,Bank Transfer,Mobile,0
40,104117.04,677,18,145404.19,92.3,5,Month-to-Month,Bank Transfer,Mobile,0
63,122121.84,585,43,143943.92,90.2,1,Two-Year,Electronic Check,Mobile,0
60,168589.3,788,6,53620.45,65.2,1,One-Year,Bank Transfer,Tablet,0
64,27962.99,563,67,9884.1,104.0,2,Two-Year,Credit Card,Mobile,0
62,98910.74,434,12,25058.35,16.7,2,Two-Year,Credit Card,Mobile,0
35,131596.92,631,12,148924.62,71.9,5,Month-to-Month,Credit Card,Desktop,1
75,137019.58,581,66,84451.94,54.5,1,Two-Year,Electronic Check,Tablet,0
55,132342.53,434,2,53493.27,51.3,2,Month-to-Month,Credit Card,Desktop,0
52,45837.45,758,15,43230.4,31.1,4,One-Year,Credit Card,Tablet,0
68,71406.32,838,23,38548.76,45.3,3,Month-to-Month,Electronic Check,Desktop,0
32,80600.91,414,29,99622.91,13.9,2,Month-to-Month,Credit Card,Tablet,1
42,149687.77,483,7,62908.17,30.9,0,Two-Year,Bank Transfer,Mobile,0
72,68207.78,500,28,144811.6,33.4,3,Month-to-Month,Electronic Check,Mobile,1
54,57659.27,464,14,102576.45,86.8,3,One-Year,Bank Transfer,Desktop,0
45,173404.44,413,44,118806.69,6.8,1,Month-to-Month,Credit Card,Mobile,0
27,26373.81,692,30,43911.23,78.5,3,Month-to-Month,Bank Transfer,Tablet,0
56,179662.23,776,32,11877.96,27.3,6,Month-to-Month,Bank Transfer,Mobile,1
74,129907.3,712,70,73173.43,10.7,2,One-Year,Bank Transfer,Mobile,0
34,153412.74,756,6,47187.23,36.8,1,Month-to-Month,Credit Card,Mobile,0
56,70666.01,701,27,30312.47,27.7,3,Month-to-Month,Credit Card,Desktop,0
39,27218.87,507,24,142896.32,66.7,1,One-Year,Bank Transfer,Mobile,0
43,139369.78,426,34,66598.23,43.5,5,Month-to-Month,Credit Card,Mobile,0
61,154292.41,840,40,26206.29,116.0,1,Month-to-Month,Electronic Check,Tablet,0
42,139773.8,495,47,29797.6,115.7,3,Two-Year,Bank Transfer,Tablet,0
34,47141.79,692,24,42106.46,53.8,2,Month-to-Month,Bank Transfer,Mobile,0
30,141781.33,812,65,149897.44,95.6,2,Month-to-Month,Electronic Check,Desktop,0
37,144183.03,574,18,40201.73,2.6,3,One-Year,Credit Card,Desktop,0
42,127073.78,754,44,49320.27,66.2,2,One-Year,Credit Card,Mobile,0
21,143747.97,662,57,98899.22,89.5,1,One-Year,Bank Transfer,Desktop,0
27,156117.82,452,28,44094.21,26.8,3,Two-Year,Credit Card,Mobile,0
20,120108.64,756,71,32370.64,8.3,2,Month-to-Month,Bank Transfer,Mobile,0
58,38733.73,696,23,23795.58,19.6,3,Two-Year,Electronic Check,Desktop,0
62,100582.31,650,34,46902.4,53.6,1,Two-Year,Electronic Check,Desktop,0
35,37035.65,777,11,15887.35,61.3,2,Two-Year,Bank Transfer,Mobile,0
64,88169.17,815,35,2796.99,46.3,1,Month-to-Month,Electronic Check,Desktop,0
53,88101.51,437,42,120696.25,53.4,2,Two-Year,Credit Card,Desktop,0
64,35231.53,720,28,20684.24,57.0,2,Month-to-Month,Bank Transfer,Desktop,1
39,79067.18,652,24,116396.53,92.6,1,One-Year,Bank Transfer,Desktop,0
51,42204.71,517,8,119631.37,13.5,4,Month-to-Month,Credit Card,Desktop,1
64,150276.46,784,53,80687.93,92.5,1,Two-Year,Credit Card,Mobile,0
25,171891.64,519,4,46452.29,82.9,3,One-Year,Electronic Check,Mobile,0
57,36209.05,484,5,21754.91,89.3,3,Month-to-Month,Electronic Check,Desktop,1
66,173042.86,399,49,110520.77,88.4,2,Two-Year,Bank Transfer,Desktop,0
61,105999.37,781,30,90208.05,57.0,4,One-Year,Credit Card,Mobile,0
36,71432.68,689,63,98318.02,26.2,1,One-Year,Credit Card,Mobile,0
59,36913.62,696,47,1300.36,64.9,4,Month-to-Month,Electronic Check,Desktop,1
58,102596.76,483,26,139127.55,115.0,2,Two-Year,Bank Transfer,Mobile,0
54,148149.91,696,57,9943.53,71.0,0,Month-to-Month,Bank Transfer,Mobile,0
23,134598.4,486,37,55020.88,2.3,5,Month-to-Month,Electronic Check,Mobile,1
69,32785.03,594,7,60406.75,8.1,1,Month-to-Month,Bank Transfer,Mobile,1
43,36299.78,458,40,203.33,119.2,3,One-Year,Bank Transfer,Mobile,0
51,87445.36,662,39,74563.4,9.6,1,One-Year,Credit Card,Mobile,0
73,70770.03,636,62,112921.35,6.5,2,Month-to-Month,Credit Card,Desktop,0
62,61019.57,370,53,123490.3,43.0,3,Month-to-Month,Bank Transfer,Mobile,0
23,68555.7,439,4,131909.55,116.3,1,One-Year,Credit Card,Desktop,0
54,149539.83,645,25,73157.83,38.9,0,Two-Year,Bank Transfer,Desktop,0
74,169030.35,461,7,94595.43,49.8,1,One-Year,Credit Card,Mobile,0
50,87790.92,650,28,11927.96,76.5,5,Month-to-Month,Credit Card,Mobile,1
70,165447.21,426,69,73205.73,3.9,3,Month-to-Month,Bank Transfer,Desktop,0
39,74831.83,526,67,23222.36,107.8,5,Month-to-Month,Credit Card,Mobile,0
38,98847.73,692,20,55446.47,62.8,2,Two-Year,Electronic Check,Mobile,0
23,60034.49,497,11,49395.8,56.6,5,Month-to-Month,Credit Card,Mobile,1
23,124273.79,450,67,63531.09,103.4,4,One-Year,Bank Transfer,Mobile,0
72,176742.07,595,7,85745.49,114.4,3,Month-to-Month,Credit Card,Desktop,0
65,118541.43,466,23,135431.5,51.4,2,Month-to-Month,Credit Card,Desktop,0
21,80461.18,441,61,59172.69,21.5,1,Month-to-Month,Credit Card,Mobile,0
47,125411.7,750,71,147169.68,98.1,1,Two-Year,Electronic Check,Tablet,0
28,44052.71,377,34,113854.21,49.0,3,Two-Year,Credit Card,Mobile,0
47,162742.16,774,19,76722.16,112.3,3,Month-to-Month,Electronic Check,Desktop,0
48,102978.01,799,58,96603.97,114.0,1,Month-to-Month,Credit Card,Desktop,0
41,94649.21,374,9,15333.63,14.7,5,Month-to-Month,Credit Card,Desktop,1
72,115809.04,407,48,126678.23,114.8,1,One-Year,Electronic Check,Mobile,0
26,121841.5,847,41,87353.62,44.8,5,One-Year,Bank Transfer,Desktop,0
72,36125.25,646,48,147910.12,77.9,7,Month-to-Month,Bank Transfer,Mobile,1
20,130805.67,483,45,95464.31,5.1,3,Month-to-Month,Credit Card,Mobile,0
68,62499.41,680,25,125116.74,106.8,1,Two-Year,Credit Card,Mobile,0
48,135662.66,598,25,119964.41,77.4,3,One-Year,Bank Transfer,Desktop,0
57,152492.89,387,19,51819.17,77.6,2,Month-to-Month,Electronic Check,Mobile,0
54,149613.57,739,39,38941.59,108.4,2,One-Year,Credit Card,Mobile,0
53,110637.65,778,27,64574.04,61.5,1,Two-Year,Electronic Check,Mobile,0
41,105626.33,424,63,70086.2,49.9,4,One-Year,Credit Card,Mobile,0
48,47145.77,491,68,36012.71,104.1,2,Month-to-Month,Bank Transfer,Mobile,0
23,145178.65,671,19,134189.68,89.3,0,One-Year,Credit Card,Tablet,0
19,67068.45,517,28,81382.18,113.9,1,One-Year,Bank Transfer,Mobile,0
37,101987.79,608,33,146766.66,112.9,3,One-Year,Credit Card,Mobile,0
45,69062.48,722,10,121502.67,46.5,5,Two-Year,Credit Card,Desktop,0
28,45743.4,704,30,83355.73,54.2,0,Month-to-Month,Electronic Check,Desktop,0
21,122581.44,574,22,142056.04,31.5,3,One-Year,Bank Transfer,Desktop,0
32,33421.47,501,3,75731.22,79.6,4,Month-to-Month,Bank Transfer,Desktop,1
23,141040.01,368,48,133065.98,44.4,1,Month-to-Month,Credit Card,Mobile,0
71,74225.95,495,2,53721.72,94.5,2,One-Year,Electronic Check,Desktop,0
66,25020.88,797,54,56796.36,15.5,3,Two-Year,Bank Transfer,Desktop,0
47,104225.02,590,6,62719.6,14.9,0,Month-to-Month,Electronic Check,Desktop,1
73,32262.05,721,40,81993.85,25.3,4,Two-Year,Credit Card,Tablet,0
55,67806.28,730,2,83023.54,11.0,3,Month-to-Month,Credit Card,Desktop,0
68,134581.36,693,2,74459.84,74.8,0,Month-to-Month,Electronic Check,Desktop,1
74,34716.89,586,55,45900.15,18.5,2,Month-to-Month,Bank Transfer,Mobile,0
19,155097.47,384,60,139080.97,20.0,3,One-Year,Electronic Check,Mobile,0
32,25592.09,539,6,88287.91,2.7,2,One-Year,Credit Card,Tablet,0
28,63257.7,350,19,61160.88,94.1,0,Month-to-Month,Bank Transfer,Desktop,0
25,139840.13,833,27,97676.54,97.7,3,Month-to-Month,Electronic Check,Mobile,0
43,74021.87,502,1,115195.01,20.3,1,One-Year,Bank Transfer,Desktop,0
68,40793.32,778,33,144109.21,89.0,3,One-Year,Bank Transfer,Mobile,0
62,80836.26,782,40,74932.37,52.6,1,Month-to-Month,Credit Card,Desktop,0
61,66910.96,475,32,16814.78,29.5,1,Two-Year,Credit Card,Tablet,0
22,155620.34,840,69,66114.87,74.9,2,One-Year,Credit Card,Mobile,0
23,73568.93,831,17,71845.58,22.2,3,Month-to-Month,Bank Transfer,Mobile,0
43,147284.53,694,8,134549.11,91.1,2,Month-to-Month,Electronic Check,Mobile,0
71,163240.18,749,57,59220.12,6.7,2,One-Year,Credit Card,Tablet,0
21,92241.7,575,42,142998.64,115.1,3,Month-to-Month,Bank Transfer,Desktop,0
36,166041.19,570,9,72769.79,9.6,0,One-Year,Electronic Check,Desktop,0
37,83484.3,752,35,146067.08,70.0,1,Month-to-Month,Credit Card,Desktop,0
50,174432.15,756,71,1229.75,108.4,3,One-Year,Electronic Check,Mobile,0
37,38839.88,560,53,134822.31,2.4,1,Month-to-Month,Electronic Check,Mobile,0
66,131487.99,374,54,139668.07,60.3,1,Two-Year,Credit Card,Desktop,0
29,101541.18,365,25,144153.14,42.7,3,Two-Year,Credit Card,Tablet,0
64,85085.56,531,67,1961.48,70.1,5,Two-Year,Credit Card,Mobile,0
18,123070.34,848,62,25755.13,27.8,1,Month-to-Month,Electronic Check,Mobile,0
43,134097.85,678,55,98064.68,8.7,2,Two-Year,Credit Card,Mobile,0
31,25676.31,478,46,3820.9,75.5,5,Month-to-Month,Bank Transfer,Desktop,1
55,50877.73,391,24,9541.35,50.6,5,One-Year,Bank Transfer,Mobile,0
54,135522.14,752,46,33161.83,75.1,1,Month-to-Month,Electronic Check,Tablet,0
28,128289.74,830,22,76865.97,26.1,3,One-Year,Electronic Check,Mobile,0
53,174737.36,767,11,81885.38,41.3,0,Two-Year,Electronic Check,Mobile,0
30,142960.86,685,48,5139.17,67.8,1,Month-to-Month,Credit Card,Mobile,0
60,172369.77,585,8,25555.09,71.6,2,Month-to-Month,Credit Card,Tablet,0
20,133893.78,709,39,74955.85,45.3,3,Month-to-Month,Credit Card,Mobile,0
50,71198.09,788,35,89091.09,34.3,3,Month-to-Month,Bank Transfer,Mobile,0
23,41331.56,751,49,22260.25,33.6,2,Month-to-Month,Bank Transfer,Mobile,0
67,146182.7,383,46,59826.21,21.8,2,Two-Year,Electronic Check,Desktop,0
73,124843.13,694,38,135660.22,39.7,5,Month-to-Month,Electronic Check,Mobile,1
27,32468.83,730,8,149834.89,24.7,0,One-Year,Credit Card,Desktop,0
22,80807.82,394,54,148082.17,76.4,2,Month-to-Month,Electronic Check,Mobile,0
40,173303.97,483,37,132251.18,68.7,5,Month-to-Month,Credit Card,Tablet,1
27,102562.18,370,40,59199.01,46.5,2,Month-to-Month,Credit Card,Desktop,0
61,92073.02,471,34,102986.14,39.8,2,Month-to-Month,Electronic Check,Mobile,0
19,95943.44,419,17,62488.83,29.3,1,One-Year,Electronic Check,Tablet,0
30,57376.82,701,33,97279.05,64.7,0,Month-to-Month,Credit Card,Mobile,0
57,82149.61,710,47,46414.87,110.3,3,One-Year,Electronic Check,Desktop,0
19,82321.05,397,52,90930.34,82.6,3,Month-to-Month,Electronic Check,Mobile,0
37,33115.03,840,9,78563.77,89.6,2,Two-Year,Credit Card,Mobile,0
18,143972.98,388,33,3672.04,100.3,2,Two-Year,Credit Card,Mobile,0
54,89558.19,636,60,118605.44,42.8,4,Month-to-Month,Bank Transfer,Desktop,0
26,152437.88,839,21,1784.67,8.5,2,Month-to-Month,Electronic Check,Mobile,1
34,156803.94,359,58,43973.39,75.1,3,Month-to-Month,Credit Card,Desktop,0
26,57859.08,379,69,888.61,23.5,2,One-Year,Credit Card,Mobile,0
28,126889.79,593,10,56430.21,68.7,1,Month-to-Month,Bank Transfer,Desktop,0
32,98203.68,623,6,9474.08,89.0,1,One-Year,Bank Transfer,Desktop,0
41,161424.29,793,13,137026.65,94.3,4,Month-to-Month,Bank Transfer,Desktop,0
55,58439.81,437,65,62351.89,36.9,2,Month-to-Month,Credit Card,Desktop,0
72,130061.05,593,20,68924.37,62.0,4,Month-to-Month,Electronic Check,Mobile,1
52,119201.58,730,57,52477.54,74.9,3,Month-to-Month,Bank Transfer,Mobile,0
47,70771.73,678,46,94125.92,98.5,1,One-Year,Electronic Check,Mobile,0
48,46173.14,828,8,117661.22,91.6,3,Month-to-Month,Electronic Check,Tablet,0
66,126004.16,364,10,97222.01,118.6,3,Two-Year,Electronic Check,Desktop,0
22,139482.61,353,67,112231.07,2.0,1,One-Year,Electronic Check,Desktop,0
61,73922.24,540,11,135896.05,53.1,3,Month-to-Month,Electronic Check,Tablet,1
67,124949.05,517,12,129531.98,31.5,1,Month-to-Month,Bank Transfer,Tablet,0
31,86245.29,358,10,101108.77,15.3,1,Month-to-Month,Bank Transfer,Desktop,0
70,135547.07,458,25,32195.69,109.5,1,One-Year,Bank Transfer,Desktop,0
73,55878.37,486,49,95655.43,119.8,0,Month-to-Month,Bank Transfer,Tablet,0
28,162983.33,503,49,75912.46,22.5,1,Month-to-Month,Credit Card,Desktop,0
26,69548.49,737,11,107582.88,5.6,2,Month-to-Month,Credit Card,Desktop,0
51,82006.83,558,62,124939.75,33.7,4,Month-to-Month,Credit Card,Desktop,0
29,34004.25,621,36,111408.22,100.3,1,Two-Year,Credit Card,Desktop,0
52,42284.39,492,39,126984.18,36.0,2,Two-Year,Credit Card,Mobile,0
52,104958.59,448,53,9579.96,7.8,3,Month-to-Month,Electronic Check,Desktop,0
18,66476.86,726,56,4743.01,7.2,2,One-Year,Bank Transfer,Desktop,0
57,154499.43,657,1,38775.09,51.9,3,Two-Year,Credit Card,Mobile,0
39,27277.48,418,56,135099.91,111.9,6,Month-to-Month,Bank Transfer,Mobile,0
46,83759.58,596,4,123548.89,35.0,3,One-Year,Credit Card,Tablet,0
25,77288.56,610,30,102409.09,51.8,0,Month-to-Month,Electronic Check,Desktop,0
28,27995.78,625,12,105113.8,13.1,1,One-Year,Credit Card,Mobile,0
58,44277.1,428,35,109000.57,59.7,1,One-Year,Credit Card,Mobile,0
54,89114.61,495,52,141390.41,83.9,2,Two-Year,Electronic Check,Desktop,0
31,101394.01,460,31,124828.67,33.3,3,Month-to-Month,Bank Transfer,Mobile,0
47,87664.91,607,68,93508.56,36.3,2,One-Year,Electronic Check,Mobile,0
52,107295.34,442,52,99857.32,101.2,2,Month-to-Month,Bank Transfer,Desktop,0
38,117245.41,362,7,32061.04,2.2,3,Month-to-Month,Credit Card,Desktop,1
54,26538.19,609,22,98597.82,76.7,1,Two-Year,Bank Transfer,Tablet,0
22,96934.75,775,56,63701.85,47.9,1,One-Year,Credit Card,Mobile,0
36,174342.38,458,58,22944.28,36.5,3,Month-to-Month,Credit Card,Mobile,0
31,105450.0,679,64,120960.42,79.3,1,One-Year,Credit Card,Mobile,0
43,130019.05,538,12,76537.06,100.3,0,Month-to-Month,Electronic Check,Mobile,0
21,73338.9,444,7,146613.76,67.4,3,Month-to-Month,Bank Transfer,Mobile,0
42,144968.66,454,55,42251.9,4.7,4,One-Year,Credit Card,Desktop,0
62,144802.83,357,62,72100.52,55.9,4,One-Year,Credit Card,Mobile,0
59,105800.89,416,55,67199.32,56.1,1,Month-to-Month,Electronic Check,Tablet,0
42,176282.14,845,36,18116.93,65.7,5,One-Year,Credit Card,Mobile,0
35,44460.28,540,24,63917.29,80.8,2,Month-to-Month,Bank Transfer,Desktop,0
57,27626.89,715,44,43133.02,3.3,1,Month-to-Month,Bank Transfer,Tablet,1
25,144374.52,605,17,24048.07,60.7,5,Month-to-Month,Bank Transfer,Mobile,1
56,150109.11,358,2,42323.34,71.0,3,Two-Year,Credit Card,Mobile,0
57,43632.12,827,13,34987.75,41.9,5,Two-Year,Electronic Check,Desktop,0
31,66165.34,466,31,110111.03,80.5,3,Month-to-Month,Bank Transfer,Desktop,0
49,27720.62,616,28,4616.28,28.2,3,Month-to-Month,Credit Card,Desktop,0
68,70462.83,448,60,92619.41,38.8,4,One-Year,Credit Card,Mobile,0
55,144836.99,834,27,114099.2,115.6,2,One-Year,Credit Card,Desktop,0
50,105283.88,647,15,72108.52,42.4,1,Month-to-Month,Credit Card,Desktop,0
40,78954.82,746,33,139734.75,42.2,1,Month-to-Month,Electronic Check,Mobile,0
32,82619.59,513,20,106182.1,71.9,0,Two-Year,Credit Card,Tablet,0
50,25209.81,725,42,112188.55,116.5,2,One-Year,Electronic Check,Desktop,0
42,71469.08,490,12,29540.02,118.0,1,Month-to-Month,Bank Transfer,Desktop,0
34,125201.1,617,23,116594.34,70.0,1,One-Year,Credit Card,Desktop,0
50,176000.14,386,14,124814.21,1.1,3,Month-to-Month,Credit Card,Desktop,0
64,156294.43,423,25,54189.96,108.2,1,Month-to-Month,Bank Transfer,Mobile,0
72,28657.22,422,31,32004.46,68.9,5,Two-Year,Bank Transfer,Desktop,0
19,164276.89,657,54,57757.6,44.6,1,Month-to-Month,Electronic Check,Desktop,0
31,146395.75,548,5,110941.2,99.7,3,Month-to-Month,Bank Transfer,Desktop,0
70,145958.3,479,13,62645.85,48.6,2,Month-to-Month,Bank Transfer,Tablet,0
57,95989.34,595,28,110497.78,5.1,4,Two-Year,Credit Card,Mobile,0
57,86690.82,661,43,17034.68,98.7,3,One-Year,Electronic Check,Mobile,0
68,71951.94,409,47,120901.76,66.0,1,Month-to-Month,Electronic Check,Desktop,0
56,35182.7,628,71,37981.12,41.2,3,One-Year,Credit Card,Desktop,0
68,60376.48,452,38,37339.35,30.9,2,Month-to-Month,Credit Card,Mobile,0
23,63223.56,645,67,88557.14,71.7,0,Month-to-Month,Bank Transfer,Desktop,0
23,100031.95,669,62,10517.71,25.8,2,One-Year,Electronic Check,Mobile,0
20,140853.88,836,39,3944.66,39.5,4,Month-to-Month,Bank Transfer,Mobile,0
24,98440.52,690,37,39154.3,76.7,2,Two-Year,Bank Transfer,Tablet,0
68,33965.89,500,8,80710.13,105.9,2,One-Year,Electronic Check,Mobile,0
25,173457.42,506,52,136142.46,64.4,4,Month-to-Month,Credit Card,Tablet,0
59,171122.27,555,33,126965.28,91.3,2,One-Year,Bank Transfer,Mobile,0
69,146704.38,823,42,73566.97,91.8,4,Month-to-Month,Credit Card,Mobile,0
32,178655.82,528,27,5557.8,80.1,1,One-Year,Credit Card,Desktop,0
64,109394.76,546,8,80287.91,30.3,3,Month-to-Month,Electronic Check,Desktop,1
46,174229.09,572,23,105719.34,104.1,3,Month-to-Month,Bank Transfer,Mobile,0
50,36718.78,438,64,50874.68,52.9,2,One-Year,Electronic Check,Mobile,0
69,81680.52,636,20,16659.5,6.3,2,Two-Year,Bank Transfer,Desktop,0
47,59934.1,783,16,41785.19,30.1,4,Month-to-Month,Electronic Check,Mobile,1
56,55354.13,625,17,115738.33,92.1,1,Month-to-Month,Bank Transfer,Desktop,0
44,46824.46,585,19,52686.57,9.2,2,Month-to-Month,Credit Card,Mobile,1
53,121474.11,532,8,121797.22,18.5,0,Month-to-Month,Electronic Check,Desktop,1
46,146104.89,558,38,47928.22,83.6,2,Month-to-Month,Credit Card,Mobile,0
55,114636.25,842,38,24533.26,107.2,0,One-Year,Bank Transfer,Desktop,0
74,47779.22,479,53,65377.25,76.4,4,Month-to-Month,Bank Transfer,Desktop,1
50,150724.18,502,31,67841.18,27.5,1,Two-Year,Credit Card,Mobile,0
54,123572.98,362,44,2416.23,7.4,5,Month-to-Month,Credit Card,Desktop,1
44,85165.68,471,60,17556.76,74.2,2,Two-Year,Electronic Check,Mobile,0
72,129490.2,708,17,27738.9,6.6,2,Month-to-Month,Credit Card,Mobile,0
50,65285.27,569,39,17038.1,73.9,4,Two-Year,Bank Transfer,Mobile,0
21,78504.79,455,42,51228.91,27.8,1,Month-to-Month,Bank Transfer,Tablet,0
39,167210.31,724,48,144693.43,108.7,0,One-Year,Credit Card,Mobile,0
19,70028.2,419,12,76383.38,57.5,5,Month-to-Month,Electronic Check,Desktop,1
27,97848.18,544,18,94133.4,27.6,1,Month-to-Month,Electronic Check,Desktop,0
22,162971.88,535,6,53457.97,102.5,1,Month-to-Month,Credit Card,Mobile,0
27,134696.81,448,43,48523.16,31.2,1,Month-to-Month,Bank Transfer,Mobile,0
50,34641.5,431,35,3472.02,37.5,1,One-Year,Credit Card,Mobile,0
71,47831.97,424,54,75050.05,100.3,1,One-Year,Bank Transfer,Mobile,0
55,26215.45,723,62,72541.35,37.7,1,One-Year,Bank Transfer,Mobile,0
30,122792.88,689,69,23674.61,49.8,4,Month-to-Month,Credit Card,Desktop,0
48,94389.38,541,16,114648.6,42.4,4,Month-to-Month,Credit Card,Desktop,1
64,45812.6,674,8,73901.15,14.9,2,Two-Year,Bank Transfer,Mobile,0
53,173479.79,816,31,50849.1,5.6,5,One-Year,Credit Card,Desktop,0
62,107097.26,563,10,22036.34,87.2,1,Month-to-Month,Credit Card,Mobile,0
41,62493.46,664,56,82824.12,77.8,1,One-Year,Electronic Check,Desktop,0
69,102593.55,793,70,112922.55,34.6,3,Two-Year,Credit Card,Tablet,0
73,130341.15,816,20,42299.9,36.2,3,Two-Year,Bank Transfer,Mobile,0
32,36817.08,731,5,32819.15,113.5,6,Month-to-Month,Credit Card,Desktop,0
46,67579.09,716,23,78290.24,118.5,4,Two-Year,Electronic Check,Desktop,0
25,150079.65,667,9,23301.5,57.3,4,Month-to-Month,Credit Card,Desktop,1
22,96248.05,493,58,99992.01,96.5,4,One-Year,Credit Card,Mobile,0
46,109719.46,733,59,90801.54,88.7,2,Month-to-Month,Bank Transfer,Mobile,0
64,92086.48,565,54,13062.31,36.4,3,One-Year,Electronic Check,Mobile,0
21,31804.49,710,46,5478.06,8.0,0,One-Year,Electronic Check,Mobile,0
29,50691.22,673,22,93043.3,18.0,2,Month-to-Month,Credit Card,Desktop,0
62,94058.95,364,64,44144.07,100.8,1,Month-to-Month,Electronic Check,Mobile,0
19,57423.75,566,8,12966.86,88.0,1,One-Year,Bank Transfer,Desktop,0
44,32746.75,841,20,113914.31,80.1,0,Month-to-Month,Electronic Check,Mobile,0
48,155765.7,788,51,47106.6,16.5,3,Month-to-Month,Electronic Check,Mobile,0
68,177084.84,384,39,68939.93,77.2,5,Month-to-Month,Bank Transfer,Desktop,1
68,147937.15,532,37,35521.94,92.9,2,One-Year,Bank Transfer,Mobile,0
53,157336.66,619,50,94097.56,103.4,1,Two-Year,Bank Transfer,Desktop,0
53,62506.46,782,34,45223.26,2.6,2,One-Year,Bank Transfer,Mobile,0
43,173897.18,816,33,145203.14,82.5,2,Month-to-Month,Credit Card,Mobile,0
60,55523.48,707,31,105442.13,3.3,2,Month-to-Month,Credit Card,Mobile,1
44,172471.62,449,54,20508.34,85.1,3,Month-to-Month,Credit Card,Mobile,0
22,179196.99,356,44,62504.23,76.6,6,Two-Year,Electronic Check,Tablet,0
37,135317.03,379,34,57813.16,18.7,3,Month-to-Month,Credit Card,Mobile,0
28,177077.28,816,71,80137.07,92.2,3,Month-to-Month,Credit Card,Tablet,0
27,113278.67,654,62,126289.6,9.1,3,One-Year,Credit Card,Mobile,0
57,65228.98,822,23,87513.3,99.3,1,Two-Year,Bank Transfer,Desktop,0
55,92734.36,493,46,9233.5,32.2,2,Month-to-Month,Electronic Check,Desktop,0
23,117001.94,460,56,98312.35,83.0,2,Month-to-Month,Bank Transfer,Tablet,0
25,36327.64,581,7,1239.79,110.9,0,One-Year,Credit Card,Desktop,0
40,121463.21,528,61,116994.07,41.4,2,One-Year,Electronic Check,Tablet,0
64,177082.56,421,3,99995.41,60.8,3,Month-to-Month,Credit Card,Desktop,0
43,54466.69,559,38,46317.85,56.1,2,One-Year,Electronic Check,Mobile,0
63,147852.24,569,34,43866.27,19.8,2,Month-to-Month,Credit Card,Tablet,0
60,165724.31,429,44,119740.95,71.2,1,Two-Year,Electronic Check,Tablet,0
29,171273.75,849,30,117500.5,89.4,2,Month-to-Month,Credit Card,Mobile,0
43,173821.02,432,17,52845.35,110.1,1,Month-to-Month,Electronic Check,Tablet,0
30,105826.24,391,59,44842.16,102.2,0,One-Year,Credit Card,Desktop,0
57,176482.73,622,10,83973.72,61.7,0,One-Year,Credit Card,Tablet,0
35,142383.08,540,18,1254.85,86.6,4,One-Year,Electronic Check,Tablet,1
42,50059.07,522,45,12400.06,96.3,3,One-Year,Credit Card,Tablet,0
50,98919.52,810,59,18925.44,59.7,0,Month-to-Month,Electronic Check,Tablet,0
64,136341.33,356,62,27811.77,14.7,0,Month-to-Month,Bank Transfer,Mobile,0
57,63337.75,504,59,76802.72,53.1,3,Month-to-Month,Bank Transfer,Mobile,0
60,124295.35,359,49,148836.29,101.3,2,Two-Year,Credit Card,Mobile,0
29,128323.07,383,63,97892.01,72.0,4,Month-to-Month,Electronic Check,Mobile,0
61,50218.46,385,32,9194.82,87.2,5,Month-to-Month,Electronic Check,Mobile,1
53,112588.22,758,10,78836.91,23.0,1,Month-to-Month,Bank Transfer,Desktop,0
65,144602.17,355,11,74496.78,115.8,3,Two-Year,Credit Card,Mobile,0
21,102328.83,757,70,21625.17,49.1,4,Two-Year,Credit Card,Desktop,0
22,26875.98,751,62,138040.86,78.8,0,Two-Year,Credit Card,Desktop,0
73,26400.96,564,47,66114.79,3.2,2,Month-to-Month,Bank Transfer,Desktop,1
54,80339.55,483,34,149183.87,16.2,3,One-Year,Electronic Check,Mobile,0
25,168560.08,634,17,63010.84,94.1,2,Month-to-Month,Electronic Check,Mobile,0
59,60444.9,475,54,91193.66,116.2,1,Month-to-Month,Electronic Check,Mobile,0
66,123326.37,758,40,15714.38,39.1,1,Month-to-Month,Bank Transfer,Mobile,0
45,59421.76,788,19,68134.17,5.4,1,Month-to-Month,Credit Card,Desktop,1
48,74858.85,686,67,35814.88,43.9,3,One-Year,Electronic Check,Desktop,0
75,156446.52,523,53,125334.72,3.1,1,Two-Year,Electronic Check,Desktop,0
26,137973.52,501,64,117587.94,23.9,2,Month-to-Month,Bank Transfer,Mobile,0
71,39786.89,680,47,123627.0,90.5,2,Two-Year,Credit Card,Mobile,0
68,91448.81,375,6,108541.42,112.5,1,Month-to-Month,Bank Transfer,Desktop,1
46,29521.31,732,16,124902.48,11.4,3,Month-to-Month,Credit Card,Mobile,0
31,99537.97,464,18,30124.31,67.4,0,Month-to-Month,Credit Card,Desktop,0
57,127677.27,731,52,67806.57,31.2,0,Month-to-Month,Bank Transfer,Desktop,0
58,43367.91,831,48,103777.03,17.5,0,Month-to-Month,Credit Card,Mobile,0
39,69777.17,633,43,95608.87,27.1,5,One-Year,Electronic Check,Desktop,0
28,86664.68,736,39,107453.17,69.8,2,One-Year,Credit Card,Desktop,0
40,167527.31,424,49,33638.76,8.8,5,Two-Year,Bank Transfer,Desktop,0
18,178954.53,515,12,14765.21,52.7,2,Month-to-Month,Electronic Check,Mobile,0
63,31961.25,538,10,137520.99,17.1,3,One-Year,Bank Transfer,Desktop,0
54,142956.23,427,71,84025.78,33.4,4,One-Year,Electronic Check,Mobile,0
38,82617.23,784,55,23073.89,23.7,1,Two-Year,Bank Transfer,Desktop,0
43,85831.02,439,1,119015.49,106.1,1,Month-to-Month,Electronic Check,Mobile,1
63,141911.07,525,49,137239.49,85.3,2,Two-Year,Credit Card,Mobile,0
53,167356.1,370,36,25434.53,104.3,0,One-Year,Credit Card,Mobile,0
71,172393.93,403,21,122611.87,46.6,0,One-Year,Bank Transfer,Mobile,0
40,114454.0,533,37,139983.76,38.3,0,Month-to-Month,Electronic Check,Mobile,0
74,80353.78,708,24,140754.24,46.3,1,Month-to-Month,Bank Transfer,Mobile,0
18,147070.11,571,55,137123.47,3.2,2,Month-to-Month,Credit Card,Tablet,0
71,63905.21,664,25,81963.15,87.2,2,Month-to-Month,Credit Card,Mobile,0
72,112431.47,677,7,53431.7,42.6,1,Month-to-Month,Credit Card,Tablet,0
68,80579.66,528,71,1090.92,38.3,1,Two-Year,Bank Transfer,Tablet,0
57,126777.82,625,71,9136.83,72.2,2,Month-to-Month,Credit Card,Mobile,0
32,62261.83,461,24,64325.85,52.9,3,Month-to-Month,Credit Card,Mobile,0
38,54696.91,573,11,59898.92,117.7,3,Month-to-Month,Credit Card,Mobile,0
64,167327.06,563,12,27707.09,43.4,1,Month-to-Month,Bank Transfer,Tablet,0
26,40779.57,408,35,59322.0,74.1,2,Month-to-Month,Electronic Check,Desktop,0
70,103423.48,676,63,26197.51,38.1,1,One-Year,Bank Transfer,Tablet,0
26,59232.18,742,68,127318.69,118.9,2,Month-to-Month,Credit Card,Mobile,0
27,31034.14,458,57,44729.23,54.0,2,One-Year,Credit Card,Tablet,0
69,30582.92,734,13,89784.65,76.5,1,Month-to-Month,Bank Transfer,Mobile,0
74,52159.37,506,23,75426.46,16.1,0,Two-Year,Bank Transfer,Tablet,0
70,159349.4,540,39,7782.31,88.2,0,Two-Year,Bank Transfer,Mobile,0
43,68784.21,549,12,141335.06,33.0,3,Month-to-Month,Electronic Check,Desktop,1
58,172321.17,661,34,79083.9,54.4,2,Two-Year,Electronic Check,Desktop,0
52,115151.46,545,71,48758.65,106.1,0,Month-to-Month,Credit Card,Desktop,0
69,92675.2,384,31,23718.99,116.5,2,Month-to-Month,Credit Card,Mobile,0
42,114913.77,728,62,50779.0,51.5,1,Month-to-Month,Credit Card,Desktop,0
43,105088.25,736,13,3076.74,100.3,2,Month-to-Month,Bank Transfer,Mobile,0
28,142610.32,595,31,54533.72,7.3,1,Two-Year,Bank Transfer,Desktop,0
55,68786.89,586,2,79722.89,101.9,3,Month-to-Month,Electronic Check,Desktop,1
19,79722.81,453,15,130779.94,75.9,3,Month-to-Month,Credit Card,Mobile,0
24,163584.62,356,57,103106.16,59.2,4,Month-to-Month,Electronic Check,Desktop,0
35,171700.76,632,34,16737.35,106.9,2,One-Year,Bank Transfer,Mobile,0
44,163346.53,350,68,22161.95,101.6,0,Two-Year,Electronic Check,Mobile,0
51,90014.44,568,29,64218.51,36.3,2,One-Year,Bank Transfer,Mobile,0
44,145956.65,813,66,29356.16,95.2,1,Month-to-Month,Bank Transfer,Tablet,0
34,98832.04,579,16,4177.47,12.8,1,Month-to-Month,Credit Card,Desktop,0
60,102118.68,804,39,120752.23,98.9,0,Month-to-Month,Electronic Check,Desktop,0
61,56725.42,521,37,2928.39,81.4,1,Month-to-Month,Credit Card,Desktop,0
68,116625.2,436,21,124603.44,11.5,1,Month-to-Month,Bank Transfer,Desktop,1
71,53851.06,390,44,21615.59,82.3,1,Month-to-Month,Credit Card,Mobile,0
41,76392.53,472,19,146201.76,70.1,3,Two-Year,Credit Card,Desktop,0
42,157529.68,680,71,90581.09,71.8,4,Month-to-Month,Credit Card,Mobile,0
24,57096.75,647,8,110247.45,35.6,2,Two-Year,Credit Card,Desktop,0
69,36029.53,722,66,16572.54,32.7,1,Two-Year,Credit Card,Mobile,0
23,35696.18,766,41,129315.61,91.7,0,Two-Year,Electronic Check,Tablet,0
70,170821.6,527,70,125878.85,31.6,2,Month-to-Month,Credit Card,Desktop,0
41,103572.67,412,61,97948.91,54.1,2,Two-Year,Electronic Check,Tablet,0
50,88458.87,833,26,75341.23,83.7,1,One-Year,Credit Card,Mobile,0
66,150686.18,514,71,108223.38,10.5,2,One-Year,Bank Transfer,Mobile,0
46,154553.02,838,70,889.23,71.8,1,Month-to-Month,Credit Card,Mobile,0
60,76489.61,536,29,88866.11,71.1,6,Month-to-Month,Credit Card,Desktop,1
39,132510.8,732,66,127110.92,82.4,0,Two-Year,Credit Card,Desktop,0
43,144524.04,558,19,53534.98,45.0,0,Month-to-Month,Bank Transfer,Mobile,0
45,126470.86,576,68,16243.4,54.4,1,Month-to-Month,Credit Card,Mobile,0
67,48497.24,781,58,63131.59,40.3,3,Month-to-Month,Electronic Check,Mobile,0
38,160761.88,738,70,109065.67,97.2,1,Two-Year,Bank Transfer,Desktop,0
66,108559.66,397,57,16095.18,16.5,2,Month-to-Month,Electronic Check,Mobile,0
24,68783.23,573,37,30907.28,115.6,3,Two-Year,Electronic Check,Tablet,0
34,90910.37,352,61,22132.78,76.5,1,Month-to-Month,Bank Transfer,Mobile,0
37,30823.52,721,30,119542.16,106.5,3,Month-to-Month,Electronic Check,Desktop,0
58,44819.35,524,71,9433.89,51.7,2,Month-to-Month,Credit Card,Desktop,0
66,143659.75,795,25,102987.98,40.5,4,One-Year,Electronic Check,Mobile,1
37,25001.8,448,65,54968.54,108.2,2,Month-to-Month,Credit Card,Desktop,0
71,89567.7,465,6,113368.69,12.8,2,Month-to-Month,Bank Transfer,Mobile,0
39,105989.08,619,18,144657.51,14.9,3,Month-to-Month,Bank Transfer,Desktop,1
45,33468.34,796,10,17181.79,36.6,0,Month-to-Month,Electronic Check,Desktop,0
57,175827.12,717,11,47157.76,115.2,1,One-Year,Electronic Check,Mobile,0
66,60049.43,602,65,121518.81,76.3,4,Month-to-Month,Credit Card,Desktop,0
24,72150.8,666,65,39923.76,66.9,1,Month-to-Month,Credit Card,Desktop,0
18,72111.09,764,52,32268.09,84.9,2,Month-to-Month,Electronic Check,Desktop,0
49,60714.58,444,67,123806.7,50.7,3,Month-to-Month,Bank Transfer,Mobile,0
30,25228.44,622,31,148062.35,91.2,2,Two-Year,Credit Card,Mobile,0
47,138048.44,729,17,83532.09,47.8,2,Month-to-Month,Bank Transfer,Mobile,0
40,174861.05,373,55,41707.31,99.3,1,Month-to-Month,Electronic Check,Tablet,0
68,59765.49,465,36,59784.89,32.8,2,Month-to-Month,Bank Transfer,Tablet,0
73,127772.31,500,26,25519.55,34.0,3,One-Year,Bank Transfer,Mobile,0
36,139993.93,687,53,114283.09,63.2,3,One-Year,Bank Transfer,Mobile,0
49,156505.93,399,17,116021.1,52.3,4,Month-to-Month,Bank Transfer,Desktop,0
47,90507.53,555,25,131268.15,78.1,2,One-Year,Electronic Check,Desktop,0
46,71954.29,847,2,3990.38,44.4,1,One-Year,Bank Transfer,Desktop,0
66,75420.75,684,5,84297.2,28.4,0,Month-to-Month,Bank Transfer,Mobile,1
62,135456.31,428,4,32138.32,56.9,1,Month-to-Month,Electronic Check,Mobile,1
46,151600.82,419,36,51132.45,67.8,5,Month-to-Month,Credit Card,Mobile,0
47,53150.17,376,6,117743.34,18.0,1,One-Year,Electronic Check,Mobile,0
33,82495.86,620,21,28805.05,67.2,2,Two-Year,Bank Transfer,Desktop,0
57,164800.73,399,26,95751.26,39.0,2,Month-to-Month,Electronic Check,Desktop,0
36,150037.5,641,55,98184.93,47.7,1,One-Year,Credit Card,Desktop,0
35,177653.05,596,39,143114.09,34.2,3,Month-to-Month,Bank Transfer,Mobile,0
18,141908.48,613,33,116274.14,111.8,3,Two-Year,Electronic Check,Desktop,0
31,85945.26,428,14,120545.27,82.3,3,One-Year,Bank Transfer,Desktop,0
68,116548.86,736,56,79740.11,32.2,3,One-Year,Credit Card,Mobile,0
64,127457.21,539,21,28017.12,77.8,4,Month-to-Month,Credit Card,Desktop,1
67,37160.65,396,46,63834.5,102.0,3,Month-to-Month,Bank Transfer,Desktop,0
19,109397.03,810,16,82423.44,48.8,0,One-Year,Bank Transfer,Tablet,0
71,134944.73,710,16,101762.89,99.8,0,Month-to-Month,Bank Transfer,Mobile,0
45,50934.8,703,29,91156.37,19.4,1,Month-to-Month,Credit Card,Desktop,0
66,145997.92,821,8,59096.67,98.9,2,Month-to-Month,Electronic Check,Tablet,0
67,115484.78,837,3,39796.97,65.3,1,Month-to-Month,Bank Transfer,Desktop,0
47,172594.38,701,19,25234.63,27.5,3,One-Year,Credit Card,Desktop,0
55,31575.46,538,66,104076.81,49.4,0,Month-to-Month,Credit Card,Mobile,0
68,66125.55,765,22,96809.8,118.6,1,Month-to-Month,Bank Transfer,Desktop,0
21,118240.85,605,46,103105.87,94.2,1,Month-to-Month,Bank Transfer,Desktop,0
18,70966.79,571,13,55879.12,69.4,1,Two-Year,Bank Transfer,Desktop,0
25,135735.75,721,33,39361.17,14.7,3,Two-Year,Electronic Check,Mobile,0
46,142645.82,590,5,113958.2,50.7,3,Month-to-Month,Credit Card,Tablet,0
72,40889.97,618,27,116047.11,32.3,1,One-Year,Electronic Check,Desktop,0
56,104647.44,350,24,68342.46,9.4,1,Month-to-Month,Electronic Check,Tablet,1
20,103878.04,383,67,91785.61,65.5,1,Month-to-Month,Credit Card,Desktop,0
49,82238.52,795,63,56027.95,106.8,3,One-Year,Electronic Check,Desktop,0
27,169603.35,428,48,105292.08,81.4,3,Month-to-Month,Bank Transfer,Desktop,0
27,153263.48,585,63,125358.24,30.7,2,Month-to-Month,Bank Transfer,Desktop,0
36,133067.45,683,12,103234.99,69.3,3,One-Year,Bank Transfer,Mobile,0
63,135720.63,726,28,76887.39,113.2,1,Two-Year,Electronic Check,Mobile,0
51,96566.0,698,44,68798.69,87.0,3,Two-Year,Electronic Check,Desktop,0
50,167754.15,447,43,96347.95,83.0,1,One-Year,Bank Transfer,Tablet,0
40,132662.29,431,17,101971.63,116.2,0,Month-to-Month,Credit Card,Desktop,0
72,137992.06,804,40,83809.42,96.1,3,Month-to-Month,Bank Transfer,Mobile,0
45,158562.09,826,49,93741.34,17.3,1,Two-Year,Credit Card,Mobile,0
49,67481.1,764,57,14488.3,42.4,0,Month-to-Month,Bank Transfer,Desktop,0
67,150095.99,541,64,142764.83,115.9,3,One-Year,Electronic Check,Desktop,0
24,55262.29,602,57,118615.96,59.3,5,Month-to-Month,Credit Card,Tablet,0
46,78528.0,758,70,56089.18,14.3,4,Month-to-Month,Credit Card,Desktop,0
25,77019.62,387,43,84421.89,55.6,3,Month-to-Month,Bank Transfer,Mobile,0
18,176671.45,363,23,7098.68,83.9,1,Two-Year,Credit Card,Desktop,0
74,157763.27,741,27,6184.17,119.7,0,Month-to-Month,Credit Card,Desktop,0
72,133681.33,696,58,37619.75,39.5,3,One-Year,Bank Transfer,Desktop,0
20,137693.8,659,37,103455.25,62.2,3,Two-Year,Electronic Check,Mobile,0
41,112121.28,735,6,127822.16,105.7,3,Two-Year,Bank Transfer,Mobile,0
40,171799.05,558,65,83877.88,43.3,1,Month-to-Month,Bank Transfer,Desktop,0
25,101920.11,706,6,79819.91,14.0,4,Month-to-Month,Bank Transfer,Mobile,1
71,83980.25,811,50,60346.43,113.9,0,Two-Year,Credit Card,Mobile,0
74,50270.48,438,22,24239.69,59.1,3,Month-to-Month,Electronic Check,Mobile,1
64,146861.88,405,25,17753.12,60.8,1,Month-to-Month,Bank Transfer,Tablet,0
54,138838.81,443,51,114101.96,74.9,3,Month-to-Month,Electronic Check,Mobile,0
20,84575.03,442,48,139125.53,1.4,4,Month-to-Month,Electronic Check,Desktop,1
68,28904.98,689,70,68742.48,111.8,2,Month-to-Month,Credit Card,Desktop,0
50,155044.59,434,65,98916.85,44.0,1,One-Year,Electronic Check,Desktop,0
45,26769.79,794,60,137168.65,48.2,1,One-Year,Electronic Check,Desktop,0
64,134073.47,594,46,13517.04,21.7,0,Month-to-Month,Bank Transfer,Mobile,0
25,175389.85,371,36,115572.22,46.0,4,Two-Year,Credit Card,Mobile,0
51,92837.51,640,58,92522.53,96.7,4,Month-to-Month,Electronic Check,Mobile,1
52,61420.88,834,38,89795.58,96.2,3,Month-to-Month,Credit Card,Desktop,0
49,134255.01,621,11,43881.06,112.4,0,Two-Year,Bank Transfer,Tablet,0
41,151654.86,655,12,102584.0,49.0,0,Month-to-Month,Credit Card,Tablet,0
31,109696.7,471,42,119219.66,85.3,3,One-Year,Bank Transfer,Desktop,0
49,174890.47,477,39,16928.72,61.4,2,One-Year,Electronic Check,Tablet,0
73,33008.65,462,71,80028.21,96.7,0,One-Year,Credit Card,Tablet,0
63,103243.32,776,11,15189.78,85.8,1,Month-to-Month,Electronic Check,Desktop,0
60,136360.36,622,36,130886.1,44.8,1,Month-to-Month,Credit Card,Mobile,0
33,158709.27,685,52,76145.51,41.1,3,Month-to-Month,Bank Transfer,Mobile,0
21,52784.62,791,31,121194.85,31.0,5,Month-to-Month,Bank Transfer,Tablet,0
69,149000.54,479,33,55212.85,69.6,3,Month-to-Month,Credit Card,Desktop,0
54,110669.6,481,13,18761.73,115.7,3,Two-Year,Bank Transfer,Desktop,0
71,86465.82,434,18,6224.9,24.8,1,Month-to-Month,Electronic Check,Mobile,1
38,45415.83,772,41,42226.44,12.3,1,Two-Year,Credit Card,Mobile,0
31,159120.84,831,58,36635.06,15.2,2,Month-to-Month,Bank Transfer,Mobile,0
48,49377.35,699,56,84052.8,94.2,1,One-Year,Bank Transfer,Mobile,0
72,73017.12,739,24,3260.83,42.7,3,Two-Year,Credit Card,Tablet,0
65,69957.06,430,31,78085.58,27.7,1,Two-Year,Electronic Check,Mobile,0
35,160069.18,836,55,58765.76,43.0,1,Month-to-Month,Bank Transfer,Desktop,0
24,129268.96,822,10,86568.34,77.8,6,Two-Year,Credit Card,Mobile,0
27,148485.62,674,60,105362.63,66.1,2,Month-to-Month,Credit Card,Mobile,0
24,63822.52,418,2,95113.79,89.5,4,Month-to-Month,Bank Transfer,Mobile,1
50,121855.49,497,15,147696.66,41.3,1,One-Year,Bank Transfer,Tablet,0
40,113620.63,797,3,20739.8,54.8,0,Two-Year,Bank Transfer,Desktop,0
38,154088.71,365,43,64460.55,13.1,1,Two-Year,Bank Transfer,Desktop,0
36,165443.49,656,31,63724.61,9.7,3,Month-to-Month,Electronic Check,Tablet,0
65,26884.3,454,70,62557.98,56.0,5,One-Year,Bank Transfer,Tablet,0
36,129473.09,514,67,99569.76,36.9,5,Two-Year,Bank Transfer,Mobile,0
53,33034.55,837,56,73474.21,73.9,2,Month-to-Month,Electronic Check,Mobile,1
46,110073.09,550,63,77614.88,6.1,4,One-Year,Electronic Check,Mobile,0
35,69583.07,546,15,64853.4,15.5,1,Month-to-Month,Bank Transfer,Mobile,0
19,72550.37,775,10,148754.92,104.0,3,Month-to-Month,Bank Transfer,Mobile,0
18,79708.57,534,38,139134.2,68.4,4,One-Year,Credit Card,Mobile,0
64,121300.33,671,47,46158.63,85.7,1,Month-to-Month,Credit Card,Mobile,0
22,76777.74,614,57,16739.09,101.2,3,Month-to-Month,Electronic Check,Tablet,0
37,138568.35,712,50,125964.71,56.2,4,Month-to-Month,Bank Transfer,Desktop,0
28,87701.74,449,71,149575.54,91.6,1,One-Year,Credit Card,Mobile,0
59,35594.75,691,15,43891.33,63.4,4,Month-to-Month,Electronic Check,Desktop,1
19,146482.78,669,18,53667.74,27.5,2,Month-to-Month,Electronic Check,Desktop,1
20,69292.54,563,2,141244.98,41.2,1,One-Year,Electronic Check,Mobile,0
40,92078.87,627,43,106669.43,59.4,1,Month-to-Month,Bank Transfer,Desktop,0
72,131243.8,511,26,44345.75,38.7,0,Two-Year,Bank Transfer,Mobile,0
29,76530.7,788,71,87156.97,40.9,2,Month-to-Month,Credit Card,Mobile,0
37,33770.78,506,38,141634.44,41.1,1,Month-to-Month,Electronic Check,Desktop,0
22,82957.76,771,42,121771.97,15.6,1,Month-to-Month,Electronic Check,Mobile,0
54,171389.53,600,5,111274.91,11.1,0,Month-to-Month,Electronic Check,Mobile,1
55,124468.83,715,11,110549.45,6.5,1,Two-Year,Electronic Check,Mobile,0
47,129079.27,446,65,26703.05,14.2,0,Month-to-Month,Credit Card,Tablet,0
26,123003.73,367,34,123702.19,41.9,3,One-Year,Bank Transfer,Desktop,0
51,55843.78,676,1,41417.79,71.7,3,Month-to-Month,Bank Transfer,Desktop,1
70,89841.75,798,2,139555.0,23.4,1,One-Year,Electronic Check,Desktop,0
61,141395.67,732,20,54696.0,106.7,2,Two-Year,Credit Card,Desktop,0
52,40712.8,446,61,128649.06,97.2,3,Month-to-Month,Bank Transfer,Mobile,0
69,68067.18,350,21,39935.02,62.9,2,One-Year,Credit Card,Tablet,0
75,67829.46,565,68,77179.04,87.2,5,Two-Year,Bank Transfer,Desktop,0
39,91962.93,481,12,16032.79,44.6,2,One-Year,Electronic Check,Mobile,0
61,176957.15,609,22,99017.84,5.4,3,Month-to-Month,Bank Transfer,Desktop,1
41,35462.89,474,20,125411.89,108.6,5,Month-to-Month,Electronic Check,Desktop,1
34,105398.65,431,1,107767.09,16.2,1,Month-to-Month,Bank Transfer,Mobile,0
27,52801.53,632,30,78488.78,113.8,0,Two-Year,Credit Card,Mobile,0
47,175454.86,520,24,6767.38,69.1,0,One-Year,Credit Card,Mobile,0
73,42562.04,408,14,140016.15,37.4,7,Two-Year,Electronic Check,Tablet,1
63,87558.16,381,36,105823.43,60.0,1,Month-to-Month,Credit Card,Mobile,0
40,139372.17,510,69,111879.64,60.7,3,Month-to-Month,Credit Card,Mobile,0
49,134205.94,633,24,119202.09,3.8,2,Month-to-Month,Credit Card,Mobile,1
34,90522.94,455,60,112161.51,43.3,2,Month-to-Month,Credit Card,Desktop,0
67,78711.25,454,55,66167.42,89.0,3,Month-to-Month,Bank Transfer,Tablet,0
68,86629.92,788,24,110043.27,61.7,3,Month-to-Month,Bank Transfer,Desktop,0
34,65962.82,577,24,93754.02,30.1,1,Two-Year,Electronic Check,Mobile,0
31,56826.61,537,54,128102.45,40.9,1,Month-to-Month,Electronic Check,Desktop,0
26,99871.15,419,26,120368.97,103.7,3,Month-to-Month,Credit Card,Desktop,0
57,66622.73,667,66,6206.16,63.5,1,Two-Year,Bank Transfer,Desktop,0
19,69556.56,813,38,56833.06,63.9,1,Two-Year,Electronic Check,Desktop,0
62,126797.19,639,65,5207.42,115.4,2,Month-to-Month,Electronic Check,Mobile,0
42,175123.29,436,51,15311.24,39.2,4,Two-Year,Bank Transfer,Mobile,0
56,118563.77,719,35,90211.61,58.1,2,Month-to-Month,Credit Card,Mobile,0
26,36931.82,711,43,131073.27,97.6,0,Month-to-Month,Electronic Check,Tablet,0
71,36715.46,821,29,17973.71,91.3,5,Two-Year,Electronic Check,Desktop,0
39,172470.6,405,37,67663.39,32.6,3,One-Year,Bank Transfer,Desktop,0
60,71080.07,462,58,136631.84,19.0,2,Two-Year,Credit Card,Tablet,0
63,39270.38,362,54,122145.15,84.4,1,Two-Year,Bank Transfer,Tablet,0
21,117851.91,789,39,77950.18,31.7,6,Month-to-Month,Credit Card,Mobile,0
43,121665.56,367,42,115735.72,110.8,3,One-Year,Credit Card,Mobile,0
75,125518.25,531,28,78404.07,16.4,0,Month-to-Month,Credit Card,Tablet,0
46,66447.31,810,29,23713.85,38.9,2,Month-to-Month,Credit Card,Tablet,0
62,27342.16,462,43,18710.42,7.5,3,Month-to-Month,Bank Transfer,Desktop,1
51,174577.38,578,3,28255.23,84.7,3,Month-to-Month,Credit Card,Tablet,0
40,63888.42,520,10,52638.31,107.1,5,Two-Year,Credit Card,Mobile,0
54,129784.07,644,59,139579.39,76.7,1,Two-Year,Credit Card,Mobile,0
28,134527.63,538,14,119951.76,112.6,3,One-Year,Credit Card,Mobile,0
23,119551.15,775,47,64920.23,16.3,1,Month-to-Month,Bank Transfer,Desktop,0
35,73500.65,814,42,73961.51,11.4,3,One-Year,Credit Card,Desktop,0
38,67019.92,428,32,39841.42,100.8,2,One-Year,Credit Card,Desktop,0
59,117638.58,495,32,105652.94,102.8,3,Two-Year,Bank Transfer,Mobile,0
53,159244.82,756,42,120414.85,99.9,1,Month-to-Month,Credit Card,Mobile,0
58,171743.73,531,32,35835.7,96.1,5,Month-to-Month,Credit Card,Tablet,1
55,41415.4,848,26,6273.24,44.1,0,Two-Year,Electronic Check,Mobile,0
51,48998.43,635,1,93583.34,26.9,3,Two-Year,Bank Transfer,Desktop,0
34,171434.12,599,56,84376.82,111.5,3,Month-to-Month,Electronic Check,Desktop,0
54,139162.96,703,2,60319.67,37.5,4,Month-to-Month,Bank Transfer,Desktop,1
42,161864.04,663,30,96584.09,48.4,3,Two-Year,Electronic Check,Tablet,0
55,56408.06,545,71,82591.99,84.2,2,One-Year,Credit Card,Mobile,0
75,116075.81,672,52,37587.24,35.9,2,One-Year,Bank Transfer,Desktop,0
29,133676.64,420,9,59659.35,98.5,4,Month-to-Month,Bank Transfer,Mobile,1
40,130417.34,597,22,64217.04,9.3,0,Month-to-Month,Electronic Check,Mobile,1
70,88263.51,495,34,132037.2,95.2,0,Month-to-Month,Bank Transfer,Mobile,0
59,27386.21,455,49,144135.62,72.6,4,One-Year,Electronic Check,Mobile,0
39,115353.54,612,1,133950.2,69.2,3,Month-to-Month,Bank Transfer,Tablet,0
38,64230.74,645,53,107876.7,55.5,1,Month-to-Month,Bank Transfer,Desktop,0
44,94789.41,419,40,87748.91,34.0,1,Month-to-Month,Electronic Check,Mobile,0
74,173425.06,819,45,103389.25,56.2,4,Month-to-Month,Electronic Check,Mobile,0
48,86850.47,542,68,140866.38,54.6,4,Month-to-Month,Bank Transfer,Mobile,0
23,155169.25,417,9,37499.81,70.5,3,Month-to-Month,Credit Card,Desktop,0
44,54223.79,843,22,80268.08,34.5,0,Two-Year,Credit Card,Desktop,0
57,129231.38,654,18,103441.2,10.2,0,Month-to-Month,Credit Card,Desktop,1
51,176436.08,401,43,101887.05,18.3,1,Month-to-Month,Credit Card,Mobile,0
29,40793.43,719,39,37841.84,84.2,0,Month-to-Month,Credit Card,Mobile,0
62,26289.59,712,6,88009.73,3.7,2,Two-Year,Bank Transfer,Mobile,0
74,92205.33,634,48,119386.97,102.9,2,Month-to-Month,Electronic Check,Desktop,0
70,39356.95,754,7,71261.85,83.6,1,Month-to-Month,Credit Card,Mobile,0
24,140999.57,823,69,118994.71,92.4,3,Month-to-Month,Bank Transfer,Mobile,0
27,166755.04,683,16,53982.39,100.5,2,One-Year,Credit Card,Mobile,0
62,92273.25,358,1,140814.02,15.6,6,One-Year,Electronic Check,Desktop,1
34,65100.3,600,37,80089.27,98.9,3,Month-to-Month,Credit Card,Mobile,0
43,92332.51,780,37,89392.19,61.1,4,Month-to-Month,Bank Transfer,Desktop,0
38,137134.41,681,64,4704.24,106.4,2,Month-to-Month,Electronic Check,Desktop,0
45,26403.4,647,62,25540.37,106.5,1,One-Year,Credit Card,Desktop,0
75,116365.37,784,61,94940.08,3.9,2,One-Year,Bank Transfer,Mobile,0
63,120060.21,533,33,62980.56,46.6,2,Month-to-Month,Electronic Check,Mobile,0
19,123841.68,528,66,76224.57,63.6,0,One-Year,Credit Card,Desktop,0
71,62513.42,547,30,9445.71,81.7,3,Month-to-Month,Electronic Check,Mobile,1
60,135678.17,477,20,125120.29,35.1,2,One-Year,Electronic Check,Mobile,0
18,39165.68,369,60,117675.84,31.0,1,One-Year,Credit Card,Mobile,0
68,55886.9,821,24,27803.1,46.4,3,Two-Year,Credit Card,Mobile,0
70,161007.86,760,4,95149.4,60.6,0,Month-to-Month,Bank Transfer,Mobile,0
53,139502.09,771,37,122747.28,114.2,4,Month-to-Month,Electronic Check,Desktop,1
68,27130.56,677,4,96128.12,91.7,2,Month-to-Month,Credit Card,Mobile,0
43,63498.32,414,18,46559.71,52.1,5,Month-to-Month,Bank Transfer,Mobile,1
46,58233.0,531,66,98416.67,7.5,6,Month-to-Month,Credit Card,Mobile,1
38,66974.98,590,48,31569.26,21.1,1,Month-to-Month,Electronic Check,Desktop,0
28,63371.76,718,33,47738.25,55.3,1,Month-to-Month,Bank Transfer,Desktop,0
57,34691.58,373,58,36010.45,97.8,1,Two-Year,Bank Transfer,Mobile,0
28,96135.78,733,28,83538.77,46.3,0,One-Year,Bank Transfer,Desktop,0
53,138573.69,780,35,16234.0,65.1,2,Month-to-Month,Electronic Check,Mobile,0
66,119043.42,804,10,139996.56,107.1,2,Month-to-Month,Credit Card,Desktop,0
56,129295.11,432,65,50026.85,109.7,1,Month-to-Month,Electronic Check,Desktop,0
57,37578.12,819,42,32845.52,26.7,1,Month-to-Month,Credit Card,Desktop,0
52,172481.06,668,9,74482.47,6.2,2,Month-to-Month,Bank Transfer,Desktop,1
71,154966.23,534,60,41549.67,37.3,2,Month-to-Month,Electronic Check,Mobile,0
51,149789.0,788,15,80235.61,83.8,0,Two-Year,Bank Transfer,Desktop,0
72,152562.49,665,57,52276.37,114.2,0,One-Year,Electronic Check,Mobile,0
64,169570.13,448,69,19810.02,10.2,1,Month-to-Month,Bank Transfer,Tablet,0
41,109359.36,411,22,39884.29,4.4,1,Two-Year,Electronic Check,Mobile,0
71,56043.71,635,64,65765.98,106.2,1,Month-to-Month,Credit Card,Mobile,0
39,120601.46,826,41,4543.98,90.0,1,Month-to-Month,Credit Card,Mobile,0
22,140146.63,371,71,115596.38,119.1,2,Month-to-Month,Electronic Check,Mobile,0
73,139377.2,808,56,93273.68,48.2,4,One-Year,Electronic Check,Desktop,0
50,105824.6,561,23,90203.94,50.5,2,Month-to-Month,Bank Transfer,Mobile,0
75,35611.1,475,25,81907.49,21.5,1,Month-to-Month,Electronic Check,Mobile,1
53,82522.51,762,6,88546.98,14.8,4,Two-Year,Bank Transfer,Mobile,0
64,167718.82,848,34,140197.79,69.9,1,Month-to-Month,Electronic Check,Desktop,0
37,115589.58,774,63,1285.38,44.3,3,One-Year,Bank Transfer,Mobile,0
36,108441.45,391,9,7169.96,10.6,0,Two-Year,Credit Card,Mobile,0
52,66672.29,447,60,28724.01,106.6,1,Month-to-Month,Bank Transfer,Desktop,0
69,82109.58,798,49,25095.21,24.6,3,Two-Year,Electronic Check,Mobile,0
60,163778.64,380,51,27179.17,90.1,0,One-Year,Credit Card,Mobile,0
34,128301.77,507,60,100791.58,34.6,1,Two-Year,Electronic Check,Desktop,0
62,147044.99,461,70,68922.5,97.7,7,Month-to-Month,Electronic Check,Mobile,1
60,95423.54,751,37,148766.83,15.1,1,Two-Year,Bank Transfer,Mobile,0
51,122688.32,596,31,34032.89,91.0,1,Month-to-Month,Bank Transfer,Desktop,1
26,63499.46,471,41,46624.52,12.7,4,One-Year,Bank Transfer,Mobile,0
43,134346.43,622,62,147636.11,54.2,5,Month-to-Month,Bank Transfer,Mobile,0
19,91278.21,643,58,124763.72,88.3,5,Month-to-Month,Credit Card,Desktop,0
70,93594.55,747,14,70469.88,21.6,0,Month-to-Month,Electronic Check,Tablet,0
26,125644.96,820,36,83189.53,35.0,2,Month-to-Month,Bank Transfer,Desktop,0
26,170123.5,822,36,126476.69,103.9,2,Month-to-Month,Electronic Check,Mobile,0
57,34920.98,556,8,72147.04,106.3,1,Month-to-Month,Bank Transfer,Mobile,0
34,152835.2,459,26,30903.56,6.3,1,Month-to-Month,Bank Transfer,Desktop,0
18,70319.38,789,36,124266.68,21.0,5,Month-to-Month,Bank Transfer,Mobile,0
42,93807.52,627,48,80665.87,15.0,5,Month-to-Month,Electronic Check,Mobile,1
60,28396.57,800,28,22956.39,22.4,4,Month-to-Month,Credit Card,Desktop,1
57,71662.14,405,68,75837.87,116.5,3,Two-Year,Electronic Check,Mobile,0
59,102907.84,724,62,61980.51,66.6,3,One-Year,Bank Transfer,Mobile,0
42,33707.29,752,51,131526.38,56.7,4,Month-to-Month,Electronic Check,Mobile,0
56,101119.84,406,42,18908.31,118.2,4,Month-to-Month,Electronic Check,Desktop,1
52,168702.15,777,29,131281.47,67.3,2,One-Year,Electronic Check,Mobile,0
20,41335.95,831,10,76831.65,79.7,4,Month-to-Month,Bank Transfer,Mobile,1
67,143488.31,640,39,60654.66,40.6,2,Month-to-Month,Bank Transfer,Mobile,0
54,88499.01,463,1,24295.08,46.5,0,Month-to-Month,Electronic Check,Tablet,1
61,126551.93,730,39,105122.69,71.7,2,Two-Year,Bank Transfer,Desktop,0
61,65336.67,734,21,139021.01,9.3,4,Month-to-Month,Bank Transfer,Mobile,1
68,49721.3,657,65,56306.6,31.5,1,One-Year,Electronic Check,Desktop,0
47,49871.71,690,15,36237.75,24.4,2,Month-to-Month,Bank Transfer,Mobile,0
55,35926.25,826,4,83230.04,2.9,3,One-Year,Bank Transfer,Mobile,0
51,53775.24,547,60,119427.89,64.9,5,Month-to-Month,Credit Card,Desktop,0
29,127954.0,770,61,565.15,67.8,1,Month-to-Month,Credit Card,Desktop,0
36,161662.04,670,20,94706.62,46.7,0,Month-to-Month,Electronic Check,Mobile,0
54,151189.48,528,10,89477.4,33.0,0,Two-Year,Electronic Check,Desktop,0
61,131195.82,734,34,47722.83,78.6,2,Month-to-Month,Credit Card,Mobile,0
66,42116.94,568,48,67713.45,17.0,1,Month-to-Month,Electronic Check,Tablet,0
34,69824.05,626,33,37044.48,62.7,4,One-Year,Credit Card,Desktop,0
27,73020.07,786,61,118482.86,92.4,1,One-Year,Bank Transfer,Tablet,0
74,63743.33,365,10,95180.24,20.6,0,Month-to-Month,Credit Card,Mobile,0
72,104825.88,841,54,79906.74,90.6,3,Month-to-Month,Electronic Check,Mobile,0
66,108010.84,728,65,58878.93,91.5,1,Month-to-Month,Electronic Check,Desktop,0
64,80317.33,410,1,43707.66,8.1,0,Month-to-Month,Bank Transfer,Desktop,1
29,79837.32,403,5,123410.47,3.2,5,Two-Year,Credit Card,Tablet,0
33,153426.12,517,15,67711.15,116.9,5,Month-to-Month,Bank Transfer,Mobile,1
41,147340.39,375,28,75217.11,24.0,1,Two-Year,Electronic Check,Desktop,0
36,72708.35,685,23,78124.31,98.8,3,Month-to-Month,Credit Card,Tablet,0
25,166637.21,825,17,67255.04,67.9,3,Month-to-Month,Bank Transfer,Tablet,0
48,172686.33,414,13,38413.26,32.5,2,Month-to-Month,Bank Transfer,Mobile,0
38,75645.09,449,14,18051.07,16.5,4,One-Year,Credit Card,Desktop,0
34,79935.87,423,11,14780.59,60.1,2,Month-to-Month,Credit Card,Desktop,0
40,103373.29,541,28,113619.38,49.5,1,One-Year,Bank Transfer,Mobile,0
54,170873.73,520,42,33529.17,84.2,4,One-Year,Bank Transfer,Tablet,0
71,160829.51,622,61,8350.92,108.6,2,Month-to-Month,Electronic Check,Mobile,0
33,40898.03,726,64,119627.61,96.8,1,Month-to-Month,Credit Card,Desktop,0
23,85873.27,536,31,23109.25,33.7,2,Month-to-Month,Bank Transfer,Tablet,0
25,110772.53,372,10,93771.91,105.6,2,One-Year,Bank Transfer,Mobile,0
42,102985.53,740,8,50796.49,100.2,1,Month-to-Month,Credit Card,Tablet,0
35,55048.78,777,21,18972.04,111.6,3,One-Year,Bank Transfer,Desktop,0
42,158116.6,530,59,62172.15,55.6,1,Month-to-Month,Credit Card,Desktop,0
29,129925.82,676,50,2221.33,92.5,1,One-Year,Credit Card,Mobile,0
32,154875.8,457,69,126156.75,71.4,1,One-Year,Electronic Check,Mobile,0
43,158108.46,684,70,77024.69,37.9,2,Month-to-Month,Bank Transfer,Desktop,0
58,140995.16,511,30,20874.0,119.3,1,Two-Year,Electronic Check,Mobile,0
62,93077.64,651,17,35547.05,5.6,2,One-Year,Credit Card,Mobile,0
43,119634.75,842,20,67196.28,20.3,1,Month-to-Month,Bank Transfer,Mobile,0
64,49856.64,801,48,28330.41,107.2,2,One-Year,Credit Card,Mobile,0
49,129415.04,555,2,40289.87,8.2,2,One-Year,Credit Card,Desktop,0
27,52784.25,427,37,80157.83,106.5,0,Month-to-Month,Electronic Check,Desktop,0
33,132562.19,365,1,124891.35,86.1,4,Month-to-Month,Bank Transfer,Desktop,1
24,60587.71,676,4,60275.95,5.4,5,Month-to-Month,Credit Card,Desktop,1
34,43220.45,445,54,107546.29,52.1,1,Two-Year,Bank Transfer,Desktop,0
40,50619.1,496,25,131502.63,90.8,4,One-Year,Electronic Check,Mobile,1
43,25308.78,351,3,32445.14,70.4,4,Month-to-Month,Credit Card,Desktop,1
38,136404.64,359,9,121078.8,112.4,2,Month-to-Month,Credit Card,Mobile,0
39,138522.16,783,34,113610.33,104.2,2,Month-to-Month,Credit Card,Desktop,0
75,104814.67,474,43,53540.59,40.6,2,Month-to-Month,Electronic Check,Mobile,0
24,50011.23,430,22,148427.99,11.1,1,Month-to-Month,Credit Card,Mobile,0
31,37950.92,834,70,39385.86,113.4,2,Month-to-Month,Credit Card,Mobile,0
32,27964.99,489,2,38220.49,62.6,0,Two-Year,Bank Transfer,Mobile,0
70,50690.97,675,66,115838.87,9.9,2,Two-Year,Bank Transfer,Mobile,0
24,163082.61,499,32,65198.6,98.2,2,Month-to-Month,Electronic Check,Mobile,0
26,62438.21,637,16,49619.25,104.4,1,Month-to-Month,Bank Transfer,Mobile,0
68,79912.06,710,1,26799.42,77.1,1,Two-Year,Bank Transfer,Mobile,0
65,41328.55,689,48,114799.86,54.3,3,Month-to-Month,Electronic Check,Mobile,0
25,59466.0,478,50,117948.27,79.8,0,One-Year,Credit Card,Mobile,0
67,105479.81,787,13,84984.6,85.1,1,Two-Year,Credit Card,Tablet,0
40,119201.67,588,15,143597.04,107.3,3,One-Year,Bank Transfer,Desktop,0
46,63029.61,407,53,47724.49,114.7,1,Month-to-Month,Electronic Check,Tablet,0
35,33948.48,547,44,32942.86,62.2,4,Two-Year,Bank Transfer,Desktop,0
48,85610.09,560,8,101620.02,96.0,1,Two-Year,Credit Card,Desktop,0
47,61301.52,751,46,113761.3,115.8,4,One-Year,Electronic Check,Desktop,1
69,59030.86,739,69,33735.9,19.0,2,Month-to-Month,Bank Transfer,Mobile,0
56,173778.73,394,19,11491.61,3.2,3,One-Year,Electronic Check,Desktop,0
52,120526.58,446,38,121577.47,104.4,3,Month-to-Month,Electronic Check,Mobile,1
35,111316.16,628,11,146475.3,24.2,1,Month-to-Month,Credit Card,Desktop,0
59,89445.14,372,43,96700.84,6.1,3,Month-to-Month,Electronic Check,Tablet,1
56,91486.37,759,20,41680.04,20.1,0,Two-Year,Credit Card,Desktop,0
34,108840.28,810,20,149500.89,46.7,2,Two-Year,Electronic Check,Mobile,0
31,132946.62,740,21,133990.0,27.1,4,One-Year,Electronic Check,Tablet,0
48,133832.64,684,57,77007.1,37.3,2,Month-to-Month,Bank Transfer,Tablet,0
41,51612.56,393,50,123798.19,117.1,5,Month-to-Month,Bank Transfer,Mobile,1
52,102517.48,376,26,122373.08,84.8,0,Two-Year,Credit Card,Tablet,0
61,88853.5,631,30,140219.85,85.8,3,One-Year,Credit Card,Mobile,0
62,159931.68,446,31,126138.58,12.3,1,Two-Year,Credit Card,Mobile,0
51,122869.93,812,42,96551.89,88.1,2,Month-to-Month,Electronic Check,Mobile,0
20,107538.13,385,68,91395.56,89.0,2,One-Year,Bank Transfer,Desktop,0
54,42886.17,458,61,70103.59,79.5,2,Two-Year,Credit Card,Mobile,0
60,118873.87,404,61,93972.85,28.2,3,Month-to-Month,Electronic Check,Mobile,0
57,43166.61,541,70,119282.49,51.3,1,Month-to-Month,Credit Card,Mobile,0
43,77267.02,568,68,145355.64,101.7,1,Month-to-Month,Electronic Check,Mobile,0
72,47140.5,534,17,70093.1,80.8,0,Two-Year,Bank Transfer,Mobile,0
40,132271.42,418,19,86047.98,88.2,2,One-Year,Bank Transfer,Mobile,0
61,56969.08,666,51,66720.82,70.9,3,One-Year,Credit Card,Mobile,0
56,85738.2,479,70,100273.29,54.5,2,Month-to-Month,Electronic Check,Mobile,0
32,163829.59,404,63,94488.08,91.3,1,One-Year,Credit Card,Mobile,0
73,56669.04,727,30,2675.07,9.1,2,One-Year,Credit Card,Desktop,0
66,103709.78,446,25,81174.23,81.1,2,Month-to-Month,Bank Transfer,Tablet,0
21,89987.11,685,71,13273.03,119.7,3,Two-Year,Electronic Check,Mobile,0
46,27809.23,436,26,3957.54,93.8,1,Month-to-Month,Credit Card,Mobile,0
39,147877.51,643,56,118679.57,35.6,0,Month-to-Month,Bank Transfer,Tablet,0
42,35702.12,468,22,38797.48,34.1,1,Month-to-Month,Bank Transfer,Desktop,0
30,98509.53,557,19,51098.26,80.4,3,Month-to-Month,Bank Transfer,Desktop,0
35,111905.14,683,31,9612.69,107.6,1,One-Year,Bank Transfer,Mobile,0
50,122406.1,762,26,26925.04,69.8,3,Month-to-Month,Credit Card,Mobile,0
33,131737.9,503,42,114840.72,63.8,1,Two-Year,Credit Card,Desktop,0
62,64257.22,384,41,74029.62,20.1,2,Month-to-Month,Bank Transfer,Desktop,0
59,26546.71,428,23,132100.27,86.1,3,Month-to-Month,Credit Card,Mobile,0
61,137133.77,416,47,59586.32,84.6,0,One-Year,Bank Transfer,Mobile,0
19,108026.77,692,13,40305.11,116.1,1,One-Year,Credit Card,Desktop,0
72,154598.24,762,66,52139.97,36.7,4,Month-to-Month,Bank Transfer,Mobile,0
52,152315.2,383,66,106915.77,91.0,3,Two-Year,Bank Transfer,Desktop,0
59,155715.56,446,16,83250.85,52.7,3,One-Year,Electronic Check,Mobile,0
51,100189.67,518,28,135628.68,67.5,2,Month-to-Month,Bank Transfer,Mobile,0
47,76712.4,518,35,90325.32,98.2,1,Month-to-Month,Credit Card,Mobile,0
72,147691.52,500,41,73952.73,27.4,2,Month-to-Month,Credit Card,Desktop,0
30,94950.59,420,31,117862.91,41.8,2,Two-Year,Bank Transfer,Mobile,0
30,53433.54,352,32,142130.08,93.0,4,Month-to-Month,Bank Transfer,Mobile,0
35,157520.97,663,54,53376.89,68.9,1,Month-to-Month,Bank Transfer,Mobile,0
49,161796.78,381,59,37481.43,12.0,0,Month-to-Month,Bank Transfer,Tablet,0
49,97278.01,636,41,92432.61,52.2,3,Month-to-Month,Electronic Check,Tablet,0
52,36733.46,431,66,74830.92,70.8,6,One-Year,Electronic Check,Desktop,0
56,85113.04,392,54,148377.84,109.2,2,One-Year,Credit Card,Tablet,0
63,149548.34,740,40,69354.27,23.4,3,Month-to-Month,Bank Transfer,Mobile,0
69,164774.97,454,28,11149.73,96.9,5,Month-to-Month,Credit Card,Tablet,1
46,56538.28,350,37,146605.36,16.5,3,Month-to-Month,Bank Transfer,Mobile,0
66,35380.91,410,65,126538.04,29.8,5,One-Year,Bank Transfer,Mobile,0
46,160989.32,619,55,26737.52,30.0,2,Two-Year,Bank Transfer,Mobile,0
70,85357.77,529,4,135690.79,105.4,1,Month-to-Month,Credit Card,Tablet,1
61,108972.95,573,10,51100.02,24.7,3,Month-to-Month,Electronic Check,Desktop,0
74,175050.2,355,47,56566.8,94.6,1,Month-to-Month,Credit Card,Desktop,0
33,35317.53,452,14,135958.72,56.0,3,Two-Year,Credit Card,Tablet,0
73,125489.29,359,38,79517.33,119.9,3,Month-to-Month,Credit Card,Desktop,0
61,36486.34,420,12,20664.44,100.9,1,Month-to-Month,Bank Transfer,Desktop,0
64,83197.68,439,45,55358.42,89.0,2,Month-to-Month,Credit Card,Mobile,0
74,149591.25,575,17,108314.62,104.6,2,Month-to-Month,Credit Card,Tablet,0
27,92188.2,507,35,26127.63,76.4,4,One-Year,Credit Card,Tablet,0
47,179563.26,577,66,88534.68,101.4,1,Month-to-Month,Credit Card,Tablet,0
42,111654.19,754,41,104291.12,32.1,6,Month-to-Month,Credit Card,Mobile,0
56,74780.13,475,67,51578.04,12.6,2,One-Year,Credit Card,Mobile,0
37,59117.26,793,29,104082.1,74.3,0,Month-to-Month,Bank Transfer,Mobile,0
22,79330.68,558,18,132631.1,52.7,2,One-Year,Bank Transfer,Mobile,0
18,82742.66,446,20,70817.51,51.7,5,Month-to-Month,Credit Card,Mobile,1
47,35650.62,423,14,57436.4,63.7,2,One-Year,Bank Transfer,Desktop,0
66,82284.0,464,34,37673.76,44.0,2,Month-to-Month,Credit Card,Desktop,0
20,96956.97,540,49,90630.82,75.5,2,Two-Year,Credit Card,Tablet,0
62,137024.35,844,54,131977.81,4.6,1,Month-to-Month,Electronic Check,Mobile,0
31,126793.07,519,31,48699.19,116.4,2,Month-to-Month,Bank Transfer,Mobile,0
73,134858.68,656,58,59435.33,111.0,3,Two-Year,Electronic Check,Mobile,0
47,26296.37,797,42,60993.83,112.3,5,Two-Year,Credit Card,Mobile,0
67,58738.45,553,58,84121.85,44.4,4,Month-to-Month,Electronic Check,Mobile,1
21,127561.06,405,30,34261.34,64.3,5,Two-Year,Bank Transfer,Mobile,0
35,100018.35,557,25,123331.67,114.5,2,Month-to-Month,Electronic Check,Tablet,0
54,25823.59,390,63,44340.34,108.4,4,One-Year,Electronic Check,Mobile,0
42,149696.67,381,19,105804.4,95.0,1,Month-to-Month,Credit Card,Desktop,0
65,144785.48,364,8,76982.36,49.5,2,Month-to-Month,Credit Card,Desktop,0
18,110004.97,411,3,87884.64,68.2,1,Month-to-Month,Bank Transfer,Desktop,0
70,35301.82,504,67,26941.31,95.4,3,One-Year,Credit Card,Desktop,0
63,143809.83,633,17,110253.48,33.5,2,Month-to-Month,Electronic Check,Tablet,0
32,115475.61,558,14,28293.08,75.5,2,Month-to-Month,Credit Card,Desktop,0
26,146203.8,669,9,17021.05,99.5,1,Two-Year,Electronic Check,Tablet,0
32,141520.78,843,62,82001.92,85.2,3,Month-to-Month,Credit Card,Mobile,0
66,149465.32,536,21,106394.57,58.1,1,Month-to-Month,Credit Card,Mobile,0
74,105291.25,847,37,7505.38,70.6,3,One-Year,Electronic Check,Desktop,0
41,46750.3,791,11,10409.3,118.7,2,Month-to-Month,Credit Card,Mobile,0
21,129029.41,479,20,120401.87,72.6,2,Month-to-Month,Credit Card,Desktop,0
29,121173.44,476,35,121354.9,94.5,3,Month-to-Month,Credit Card,Desktop,0
75,140049.24,641,53,36795.71,87.5,0,Month-to-Month,Electronic Check,Mobile,0
54,51331.56,463,47,92284.23,84.5,2,Two-Year,Bank Transfer,Desktop,0
54,55221.16,548,52,66477.01,86.2,2,Month-to-Month,Electronic Check,Tablet,0
60,163013.48,362,8,94904.41,55.1,1,Month-to-Month,Bank Transfer,Tablet,1
23,141246.56,620,4,129431.89,57.4,3,Month-to-Month,Credit Card,Desktop,0
56,165775.42,438,27,11978.46,56.7,3,Month-to-Month,Credit Card,Desktop,0
73,142600.87,564,44,116697.66,5.0,2,Month-to-Month,Credit Card,Tablet,0
63,117559.07,793,40,73954.37,29.7,0,One-Year,Bank Transfer,Desktop,0
41,126390.57,627,47,84619.04,19.4,3,One-Year,Bank Transfer,Mobile,0
28,162814.83,796,44,98089.7,106.5,1,Two-Year,Credit Card,Mobile,0
30,114715.05,823,48,138393.47,33.7,3,Month-to-Month,Credit Card,Mobile,0
51,123020.66,830,52,8507.99,17.5,2,Month-to-Month,Credit Card,Mobile,0
42,49253.89,552,68,4421.45,15.3,1,Two-Year,Credit Card,Mobile,0
24,98457.79,423,11,26739.27,84.3,1,Month-to-Month,Credit Card,Tablet,0
69,136041.55,374,4,147967.16,1.7,3,Two-Year,Credit Card,Desktop,0
21,66996.12,450,48,107261.46,57.1,0,Two-Year,Credit Card,Tablet,0
25,56349.4,525,26,92196.17,15.1,3,Two-Year,Electronic Check,Desktop,0
37,73643.16,776,39,7055.86,102.1,5,Month-to-Month,Credit Card,Mobile,0
46,62432.6,466,58,131866.53,115.1,1,Month-to-Month,Electronic Check,Mobile,0
71,58311.46,515,19,121913.53,115.1,4,One-Year,Bank Transfer,Tablet,1
70,90851.88,390,58,99720.01,53.6,5,One-Year,Bank Transfer,Mobile,0
68,165714.97,778,28,50869.62,77.7,3,Month-to-Month,Credit Card,Desktop,0
62,103594.25,693,66,10575.74,72.4,0,One-Year,Bank Transfer,Mobile,0
63,54127.66,773,10,87005.77,42.7,3,Month-to-Month,Credit Card,Mobile,0
27,36930.61,715,58,107954.19,53.8,0,Month-to-Month,Credit Card,Mobile,0
60,132904.2,469,14,14136.05,8.7,2,Two-Year,Electronic Check,Desktop,0
51,84333.81,446,15,95065.15,95.7,4,Month-to-Month,Bank Transfer,Tablet,1
74,152383.8,494,33,42954.91,29.7,3,Month-to-Month,Credit Card,Desktop,0
43,127224.17,565,17,114636.63,55.8,1,Month-to-Month,Bank Transfer,Desktop,0
58,148417.42,578,24,80942.38,58.2,0,Month-to-Month,Credit Card,Tablet,0
66,67151.64,662,30,19355.52,67.7,3,Month-to-Month,Bank Transfer,Desktop,0
75,132315.63,479,62,78977.92,98.3,1,Month-to-Month,Bank Transfer,Tablet,0
20,65929.61,701,13,59360.53,83.3,3,Month-to-Month,Credit Card,Mobile,0
73,170555.61,726,62,27053.4,79.9,3,Two-Year,Credit Card,Tablet,0
23,123638.01,667,47,126227.36,63.7,2,Two-Year,Bank Transfer,Desktop,0
22,75299.33,821,16,1654.27,12.4,0,Month-to-Month,Bank Transfer,Mobile,0
22,66774.34,486,66,46819.24,48.8,4,Month-to-Month,Bank Transfer,Mobile,0
71,54593.62,673,43,1889.26,114.9,1,Month-to-Month,Bank Transfer,Mobile,0
64,132669.35,686,8,14401.04,119.5,6,One-Year,Bank Transfer,Mobile,1
40,58900.92,622,3,44564.43,87.9,4,One-Year,Credit Card,Desktop,0
66,117272.01,466,12,8140.68,28.1,1,Two-Year,Electronic Check,Desktop,0
26,66018.43,655,16,89494.58,13.1,2,Month-to-Month,Credit Card,Tablet,0
52,127605.19,717,59,13029.44,50.4,3,One-Year,Bank Transfer,Desktop,0
37,151315.66,443,49,105257.05,102.9,3,Month-to-Month,Electronic Check,Desktop,0
75,145593.91,517,63,7896.32,86.9,1,Two-Year,Bank Transfer,Mobile,0
66,142931.96,791,62,8896.33,106.2,3,One-Year,Bank Transfer,Desktop,0
59,54096.97,552,49,45798.88,74.3,1,Month-to-Month,Credit Card,Desktop,0
52,38699.67,690,51,134485.73,16.5,4,One-Year,Electronic Check,Desktop,0
67,133337.07,498,33,96208.99,14.7,3,Two-Year,Credit Card,Desktop,0
35,82093.82,751,30,115519.69,6.7,2,Month-to-Month,Bank Transfer,Desktop,0
34,92013.67,532,59,21232.82,68.5,0,Month-to-Month,Credit Card,Mobile,0
41,29828.11,762,15,125118.81,29.9,1,Month-to-Month,Credit Card,Desktop,0
20,65234.35,501,23,1221.94,88.4,3,Month-to-Month,Credit Card,Desktop,0
49,30219.84,423,45,31958.6,82.7,2,Month-to-Month,Credit Card,Desktop,0
52,161273.79,714,62,92413.85,38.9,1,Two-Year,Electronic Check,Mobile,0
55,62726.49,750,71,56286.96,22.0,1,One-Year,Electronic Check,Mobile,0
30,111387.26,623,15,147629.01,13.2,0,One-Year,Bank Transfer,Mobile,0
73,31041.79,391,46,4550.89,88.7,1,One-Year,Credit Card,Desktop,0
64,128361.35,845,64,149789.73,54.6,2,Two-Year,Credit Card,Mobile,0
42,75069.24,561,46,93544.17,39.5,0,Two-Year,Bank Transfer,Desktop,0
26,164177.47,450,56,83806.05,102.9,2,One-Year,Credit Card,Mobile,0
21,162658.32,394,44,8926.87,71.6,2,Month-to-Month,Bank Transfer,Mobile,0
31,75420.05,431,29,40999.33,62.6,0,Month-to-Month,Credit Card,Desktop,0
54,164648.94,366,62,138699.4,89.5,4,Month-to-Month,Bank Transfer,Desktop,0
51,179404.44,422,52,53136.9,98.1,1,Month-to-Month,Electronic Check,Desktop,0
28,152939.43,363,54,99247.98,82.6,2,Month-to-Month,Bank Transfer,Mobile,0
58,155955.06,782,57,149924.45,53.4,3,One-Year,Electronic Check,Mobile,0
73,63596.35,506,66,39460.46,46.1,3,One-Year,Electronic Check,Mobile,0
20,114388.87,572,22,86412.13,92.8,0,Month-to-Month,Bank Transfer,Mobile,0
45,35424.67,481,20,104465.67,62.6,3,Two-Year,Bank Transfer,Desktop,0
46,39712.28,687,33,24694.09,84.8,2,Month-to-Month,Credit Card,Mobile,0
26,179828.35,753,25,22300.88,107.0,1,One-Year,Electronic Check,Tablet,0
20,75629.08,725,46,68446.19,110.0,1,One-Year,Bank Transfer,Desktop,0
42,140968.51,725,57,57871.88,34.0,1,One-Year,Electronic Check,Desktop,0
51,150033.08,396,5,107132.32,23.4,1,Month-to-Month,Bank Transfer,Tablet,1
29,157993.61,456,55,10426.32,32.1,0,One-Year,Credit Card,Mobile,0
59,179632.39,457,61,145824.99,90.4,3,Month-to-Month,Electronic Check,Mobile,0
26,62431.96,614,8,2141.55,45.0,3,One-Year,Credit Card,Desktop,0
32,31254.38,554,16,90197.52,21.6,2,Month-to-Month,Electronic Check,Mobile,0
57,88734.69,428,48,84394.89,12.7,3,One-Year,Credit Card,Tablet,0
42,45162.5,504,61,20207.36,40.0,0,Month-to-Month,Credit Card,Tablet,0
22,28476.01,620,15,22637.4,17.2,3,One-Year,Bank Transfer,Tablet,0
28,80866.16,825,65,118901.62,19.6,2,Month-to-Month,Electronic Check,Tablet,0
51,146479.43,834,22,133134.37,82.4,1,Two-Year,Electronic Check,Desktop,0
41,112758.01,596,3,42452.54,3.3,1,Two-Year,Electronic Check,Desktop,0
32,73480.59,368,54,65694.59,15.0,3,Month-to-Month,Credit Card,Mobile,0
55,126423.01,695,14,53249.26,101.5,3,Month-to-Month,Credit Card,Desktop,0
25,60962.82,785,36,10882.05,101.5,3,One-Year,Bank Transfer,Mobile,0
22,27229.12,375,67,100980.64,40.2,2,Month-to-Month,Bank Transfer,Desktop,0
65,143474.77,566,10,123778.94,11.5,0,Month-to-Month,Electronic Check,Tablet,1
43,121680.18,503,49,45731.9,84.9,1,Month-to-Month,Electronic Check,Mobile,0
35,143156.91,503,65,148526.37,43.9,0,One-Year,Bank Transfer,Mobile,0
23,31035.39,523,57,11377.73,6.4,3,Month-to-Month,Bank Transfer,Mobile,0
54,154753.54,441,27,99268.61,19.8,5,Month-to-Month,Electronic Check,Desktop,1
65,121026.56,782,5,67234.2,17.3,2,One-Year,Electronic Check,Desktop,0
30,112326.28,687,71,66990.29,71.1,1,Month-to-Month,Bank Transfer,Desktop,0
45,121815.18,829,57,68646.84,107.9,2,Month-to-Month,Electronic Check,Desktop,0
22,158987.15,530,15,38802.27,95.4,2,Two-Year,Bank Transfer,Mobile,0
30,115975.16,480,30,107334.42,66.0,4,One-Year,Credit Card,Desktop,0
34,115047.31,799,20,108236.48,51.2,1,Month-to-Month,Credit Card,Desktop,0
67,178555.27,830,37,42359.57,74.6,4,Month-to-Month,Credit Card,Mobile,0
57,142293.18,647,3,125295.97,53.8,2,One-Year,Credit Card,Mobile,0
62,93555.54,624,41,47526.74,30.3,2,Month-to-Month,Credit Card,Tablet,0
49,134646.54,622,39,108763.97,81.8,0,Two-Year,Electronic Check,Tablet,0
46,85330.72,841,26,18149.97,104.9,2,One-Year,Bank Transfer,Desktop,0
68,60475.7,766,2,25305.25,45.4,6,Two-Year,Credit Card,Tablet,0
75,117512.04,425,23,47369.35,101.1,1,Two-Year,Bank Transfer,Mobile,0
20,168868.23,526,23,89081.07,52.3,2,Month-to-Month,Bank Transfer,Tablet,0
73,169016.63,533,16,96826.72,48.8,2,One-Year,Credit Card,Mobile,0
57,77995.32,668,9,59453.43,4.4,1,Two-Year,Credit Card,Desktop,0
51,106790.01,480,13,11675.87,83.7,1,One-Year,Electronic Check,Mobile,0
57,57803.56,712,28,56045.2,97.1,2,Month-to-Month,Bank Transfer,Desktop,0
44,179322.82,398,27,103315.13,80.0,1,Month-to-Month,Bank Transfer,Mobile,0
30,177073.28,404,51,100649.32,19.0,5,Month-to-Month,Bank Transfer,Mobile,0
62,125673.88,503,64,24029.46,13.3,1,One-Year,Credit Card,Mobile,0
50,149684.18,704,52,1167.6,69.2,0,One-Year,Bank Transfer,Mobile,0
23,135840.52,549,38,112947.24,48.8,4,Two-Year,Bank Transfer,Mobile,0
41,116939.52,657,65,15955.22,52.1,2,One-Year,Bank Transfer,Desktop,0
36,33268.94,705,18,12352.37,116.2,3,Two-Year,Credit Card,Mobile,0
33,95488.47,722,63,405.18,87.1,2,Month-to-Month,Electronic Check,Mobile,0
57,129591.88,467,51,64890.2,50.0,1,Month-to-Month,Credit Card,Mobile,0
45,130017.4,612,9,75489.59,3.3,2,Two-Year,Bank Transfer,Mobile,0
50,82834.01,395,13,95649.61,5.1,2,One-Year,Bank Transfer,Desktop,0
65,170962.26,651,40,44409.58,82.5,0,One-Year,Bank Transfer,Desktop,0
58,50940.34,705,55,106563.71,100.7,0,Month-to-Month,Bank Transfer,Mobile,0
30,102555.71,749,43,25399.78,85.2,7,One-Year,Credit Card,Mobile,1
60,132087.02,757,44,124798.51,49.3,2,Two-Year,Bank Transfer,Desktop,0
62,133056.05,538,68,85777.25,4.7,3,Month-to-Month,Credit Card,Desktop,0
42,125539.04,659,33,87583.47,116.1,1,One-Year,Credit Card,Mobile,0
70,67669.67,667,24,31466.31,118.4,2,Month-to-Month,Credit Card,Mobile,0
59,49212.02,478,36,11116.31,66.4,3,Month-to-Month,Bank Transfer,Mobile,0
53,123570.75,398,10,69708.72,9.4,2,One-Year,Credit Card,Mobile,0
44,117891.83,374,20,92341.79,65.4,2,Month-to-Month,Credit Card,Mobile,0
55,52800.18,615,12,14256.97,107.2,0,Month-to-Month,Bank Transfer,Mobile,1
24,134296.57,467,62,142580.17,81.9,2,One-Year,Electronic Check,Mobile,0
22,95551.66,813,18,147062.15,86.7,2,One-Year,Electronic Check,Desktop,0
60,128502.89,493,63,81818.5,11.1,5,Month-to-Month,Electronic Check,Tablet,1
62,154791.9,791,25,142510.37,13.7,0,Two-Year,Bank Transfer,Desktop,0
75,51307.91,549,12,26916.79,16.2,2,Month-to-Month,Bank Transfer,Desktop,0
74,27967.45,506,21,3813.1,108.6,5,Two-Year,Bank Transfer,Mobile,0
68,145760.9,836,25,5911.43,63.6,4,One-Year,Credit Card,Mobile,0
48,119503.1,697,11,88126.87,95.2,4,Month-to-Month,Credit Card,Mobile,1
40,133444.13,483,64,9246.28,14.7,2,Month-to-Month,Credit Card,Desktop,0
59,154914.02,749,50,143781.84,111.4,1,Month-to-Month,Credit Card,Desktop,0
27,149435.69,497,62,21289.98,98.7,0,Month-to-Month,Bank Transfer,Desktop,0
49,173942.62,685,49,45708.42,27.7,2,One-Year,Bank Transfer,Mobile,0
60,108069.94,420,14,123377.67,105.0,3,Month-to-Month,Credit Card,Mobile,0
70,100716.82,582,1,32811.05,32.3,4,Month-to-Month,Electronic Check,Desktop,1
47,87292.52,683,25,36445.27,25.4,4,One-Year,Bank Transfer,Desktop,0
56,48822.11,648,59,96346.34,32.4,2,Month-to-Month,Bank Transfer,Mobile,0
48,113754.12,503,69,41412.91,109.3,4,One-Year,Electronic Check,Desktop,0
35,67936.94,439,5,32617.15,110.0,3,Month-to-Month,Credit Card,Mobile,0
53,167802.66,683,19,38126.66,40.2,0,One-Year,Electronic Check,Desktop,0
19,115394.57,548,23,73597.12,84.9,2,One-Year,Credit Card,Mobile,0
31,116890.23,510,9,144914.98,81.4,1,One-Year,Bank Transfer,Desktop,0
30,80013.32,375,50,124835.69,97.0,3,Month-to-Month,Electronic Check,Desktop,0
46,33058.35,470,16,42691.54,36.3,4,Month-to-Month,Bank Transfer,Tablet,1
29,29920.28,650,33,54505.98,61.7,2,Month-to-Month,Credit Card,Tablet,0
56,90616.95,561,2,69676.84,80.5,3,Month-to-Month,Credit Card,Desktop,1
19,38107.63,412,14,146839.45,4.1,3,Month-to-Month,Credit Card,Mobile,1
49,119061.28,800,1,25858.57,45.8,2,One-Year,Electronic Check,Mobile,0
30,161550.82,785,58,53622.47,83.8,0,One-Year,Credit Card,Mobile,0
63,161851.8,417,16,109413.91,31.1,6,Two-Year,Credit Card,Mobile,0
44,127152.04,602,47,144591.56,115.0,2,Month-to-Month,Electronic Check,Mobile,0
66,57740.93,759,44,23351.28,4.6,5,Month-to-Month,Credit Card,Desktop,1
58,158764.51,808,14,34106.99,115.0,2,Two-Year,Electronic Check,Mobile,0
34,162344.48,351,24,33854.2,26.8,4,Month-to-Month,Credit Card,Mobile,1
57,55481.31,747,55,3139.8,6.8,5,One-Year,Credit Card,Desktop,0
48,139301.04,457,15,90617.34,35.8,3,Two-Year,Credit Card,Desktop,0
51,69410.53,635,34,100605.46,94.6,2,Two-Year,Electronic Check,Desktop,0
41,149409.25,398,2,90378.88,90.5,0,Month-to-Month,Bank Transfer,Desktop,0
62,179571.87,489,27,10698.45,25.9,0,One-Year,Credit Card,Mobile,0
52,29654.03,567,23,10384.52,24.4,1,Month-to-Month,Bank Transfer,Mobile,0
65,164091.71,393,68,31557.98,77.5,2,One-Year,Bank Transfer,Desktop,0
23,121507.73,766,14,43544.18,55.5,1,Two-Year,Credit Card,Mobile,0
36,175874.31,618,63,117981.55,95.3,3,Month-to-Month,Bank Transfer,Desktop,0
47,97076.48,427,65,23908.54,3.9,3,Two-Year,Credit Card,Mobile,0
24,156345.13,565,68,6613.83,73.6,3,One-Year,Credit Card,Tablet,0
27,34671.08,731,63,59098.13,87.9,3,Month-to-Month,Bank Transfer,Desktop,0
58,76968.25,447,64,62458.83,119.2,4,One-Year,Credit Card,Desktop,0
49,35387.56,585,32,67636.1,81.8,3,Month-to-Month,Electronic Check,Mobile,0
51,176178.19,631,13,124035.53,28.6,4,Month-to-Month,Credit Card,Tablet,1
45,151630.96,498,66,14700.81,13.9,2,Two-Year,Electronic Check,Desktop,0
32,157144.85,761,19,105591.31,77.3,2,Month-to-Month,Credit Card,Mobile,0
47,170384.61,653,24,50691.84,63.3,3,Month-to-Month,Electronic Check,Desktop,0
54,38191.04,833,11,46497.02,108.0,1,Two-Year,Credit Card,Mobile,0
46,84767.63,773,59,139881.47,87.5,2,Two-Year,Electronic Check,Mobile,0
39,36010.41,415,15,37270.28,61.7,4,Two-Year,Credit Card,Mobile,0
21,57672.93,583,10,96379.78,49.0,3,Month-to-Month,Electronic Check,Desktop,0
37,60551.7,806,41,41269.16,49.1,0,Month-to-Month,Bank Transfer,Desktop,0
49,97711.62,436,27,76071.58,27.9,3,Month-to-Month,Bank Transfer,Desktop,0
53,66627.14,428,60,117943.93,3.1,1,Month-to-Month,Credit Card,Desktop,0
67,40651.61,554,52,132258.38,69.4,6,Two-Year,Electronic Check,Desktop,0
21,50961.12,628,28,125804.59,26.3,6,One-Year,Credit Card,Mobile,0
44,47827.71,686,65,87327.11,25.8,1,Month-to-Month,Bank Transfer,Mobile,0
34,175826.9,603,17,37322.45,15.9,5,Month-to-Month,Bank Transfer,Mobile,0
29,142690.34,653,44,99185.01,23.6,2,Two-Year,Electronic Check,Mobile,0
39,175003.03,729,10,106485.76,4.8,1,Two-Year,Bank Transfer,Tablet,0
34,93159.78,479,63,1603.8,81.2,3,Month-to-Month,Credit Card,Desktop,0
27,68147.11,433,47,65881.58,48.8,4,One-Year,Bank Transfer,Mobile,0
71,148735.45,625,38,126489.31,67.8,1,Month-to-Month,Credit Card,Mobile,0
18,75569.36,536,70,73438.14,76.8,1,One-Year,Credit Card,Tablet,0
39,71404.42,395,53,46706.32,116.7,0,One-Year,Credit Card,Mobile,0
43,61038.43,736,44,130769.67,9.1,1,One-Year,Electronic Check,Desktop,0
73,45100.24,532,54,23382.1,50.7,2,Month-to-Month,Electronic Check,Mobile,0
35,64751.77,617,20,30966.78,30.3,3,Month-to-Month,Credit Card,Desktop,0
67,80074.56,645,31,103105.86,57.7,2,Month-to-Month,Bank Transfer,Tablet,0
31,129469.1,671,7,52865.39,110.5,2,Two-Year,Credit Card,Tablet,0
64,34697.55,449,58,106952.53,87.2,2,Two-Year,Credit Card,Desktop,0
46,57628.58,427,10,23655.54,79.8,5,Two-Year,Credit Card,Desktop,0
29,150398.66,621,10,37840.36,53.5,1,Two-Year,Bank Transfer,Desktop,0
53,47772.9,688,39,23497.11,80.9,1,One-Year,Electronic Check,Mobile,0
52,78110.0,511,28,142936.55,4.9,3,Month-to-Month,Credit Card,Mobile,1
69,159022.13,393,30,60810.59,70.8,2,One-Year,Credit Card,Tablet,0
29,49013.42,587,37,50582.99,66.9,5,Month-to-Month,Credit Card,Mobile,0
24,37824.21,483,67,2130.32,42.3,0,Month-to-Month,Electronic Check,Mobile,0
46,100103.39,810,43,23012.64,25.0,5,Month-to-Month,Credit Card,Desktop,0
28,71875.02,541,52,63170.38,97.1,2,Month-to-Month,Bank Transfer,Tablet,0
50,112328.3,705,56,10275.42,7.4,2,One-Year,Electronic Check,Desktop,0
23,149589.76,627,68,76610.9,9.3,1,Month-to-Month,Credit Card,Desktop,0
64,46258.02,367,9,68252.32,53.4,3,Month-to-Month,Bank Transfer,Desktop,0
32,115008.36,361,23,115075.22,31.1,1,One-Year,Credit Card,Desktop,0
49,103353.86,529,63,98970.41,89.7,3,One-Year,Electronic Check,Desktop,0
68,47332.21,472,61,66892.1,76.5,3,One-Year,Credit Card,Tablet,0
28,121719.77,595,40,33699.11,92.9,2,Month-to-Month,Electronic Check,Desktop,0
75,67414.26,571,44,109029.53,39.6,3,Month-to-Month,Electronic Check,Mobile,0
40,100614.32,722,24,106179.32,89.1,1,One-Year,Bank Transfer,Desktop,0
43,37752.21,400,51,22994.42,103.6,1,One-Year,Bank Transfer,Desktop,0
51,96235.53,837,58,137212.77,42.1,3,Month-to-Month,Electronic Check,Mobile,0
63,72501.84,420,33,9660.77,41.4,2,Two-Year,Credit Card,Mobile,0
51,152469.09,829,16,8255.66,108.1,3,Month-to-Month,Credit Card,Tablet,0
46,33831.7,397,22,28102.56,6.9,3,Month-to-Month,Credit Card,Mobile,0
21,89884.13,368,57,136419.12,42.7,2,Month-to-Month,Bank Transfer,Desktop,0
34,96056.87,611,62,77999.72,15.1,3,Month-to-Month,Electronic Check,Mobile,0
52,137375.94,433,71,118191.14,4.4,1,Two-Year,Electronic Check,Mobile,0
30,114014.57,504,70,34176.48,14.4,2,Month-to-Month,Bank Transfer,Desktop,0
58,128417.91,402,30,73533.3,52.3,2,Month-to-Month,Bank Transfer,Mobile,0
56,145442.64,456,23,53743.42,82.7,3,Month-to-Month,Electronic Check,Mobile,0
32,158641.46,706,32,124174.29,35.4,1,Month-to-Month,Electronic Check,Mobile,0
72,73650.7,653,57,3390.67,102.1,3,Month-to-Month,Bank Transfer,Tablet,0
46,108393.52,484,9,36576.41,53.1,6,Month-to-Month,Credit Card,Tablet,1
46,155216.75,792,31,22886.13,116.2,0,Month-to-Month,Bank Transfer,Desktop,0
28,178364.93,418,71,128878.36,114.5,3,One-Year,Bank Transfer,Desktop,0
69,162875.49,360,9,70131.58,93.0,2,One-Year,Bank Transfer,Desktop,0
49,82577.43,492,13,60633.01,112.0,1,One-Year,Electronic Check,Tablet,0
19,55250.81,541,58,67422.41,85.1,3,One-Year,Electronic Check,Desktop,0
64,100855.84,736,3,145788.68,107.6,1,Month-to-Month,Credit Card,Desktop,0
31,139954.43,727,35,127540.11,29.1,0,Two-Year,Credit Card,Mobile,0
37,101348.21,418,21,105955.32,42.1,1,Month-to-Month,Credit Card,Mobile,0
39,99893.03,372,64,43571.84,90.6,6,Month-to-Month,Credit Card,Desktop,0
28,154925.72,530,52,24775.95,51.5,1,One-Year,Credit Card,Mobile,0
44,81017.59,642,34,138215.04,100.6,4,One-Year,Electronic Check,Mobile,1
20,158268.17,358,35,63461.33,105.4,4,Month-to-Month,Bank Transfer,Desktop,0
34,88054.74,620,15,41813.37,36.7,1,Month-to-Month,Bank Transfer,Mobile,0
61,75876.13,736,6,70638.12,99.0,2,Month-to-Month,Credit Card,Desktop,0
73,95368.44,442,32,137677.11,19.4,3,Two-Year,Bank Transfer,Mobile,0
45,143179.28,803,52,58060.1,40.8,1,Month-to-Month,Electronic Check,Desktop,0
46,44530.31,366,28,84396.15,62.6,3,One-Year,Electronic Check,Mobile,0
38,55444.98,503,64,120444.95,27.9,3,Month-to-Month,Credit Card,Tablet,0
64,172473.95,754,19,64069.88,69.9,5,Month-to-Month,Electronic Check,Mobile,1
33,52201.2,677,15,35031.27,69.9,3,Month-to-Month,Credit Card,Desktop,0
54,112997.73,498,6,149178.86,25.6,4,Month-to-Month,Bank Transfer,Desktop,1
37,114793.74,726,38,143485.63,95.7,3,Month-to-Month,Credit Card,Mobile,0
23,100891.79,616,26,126521.88,76.2,0,One-Year,Bank Transfer,Desktop,0
36,124935.51,771,51,103256.08,38.8,5,Month-to-Month,Credit Card,Tablet,0
74,60623.14,677,53,44229.84,28.6,4,One-Year,Bank Transfer,Mobile,0
22,110662.65,455,56,137011.94,105.6,1,Month-to-Month,Bank Transfer,Mobile,0
20,82686.85,821,59,41333.5,100.5,1,Two-Year,Credit Card,Mobile,0
18,127558.43,730,70,120121.42,28.3,5,Two-Year,Electronic Check,Mobile,0
75,46889.65,384,58,137738.73,5.2,1,Month-to-Month,Credit Card,Tablet,1
55,113486.0,468,13,90450.58,96.7,1,Two-Year,Electronic Check,Mobile,0
32,53716.91,363,43,120458.43,74.2,4,Month-to-Month,Credit Card,Desktop,0
51,68189.67,363,51,118754.26,13.0,4,One-Year,Bank Transfer,Mobile,0
52,58900.02,615,19,28973.66,70.9,1,Month-to-Month,Bank Transfer,Mobile,1
66,53339.86,489,21,100188.67,54.8,2,Month-to-Month,Credit Card,Mobile,0
42,152985.2,643,24,14020.19,93.2,1,Month-to-Month,Credit Card,Mobile,0
41,69284.67,713,26,76177.52,25.9,2,Month-to-Month,Bank Transfer,Desktop,0
29,168704.19,468,45,24335.33,54.9,2,One-Year,Electronic Check,Mobile,0
35,175338.61,587,28,62452.42,19.6,2,One-Year,Electronic Check,Desktop,0
32,113545.37,383,29,124947.31,114.9,0,Month-to-Month,Credit Card,Desktop,0
61,47165.17,518,17,148075.18,93.7,5,Two-Year,Credit Card,Mobile,0
33,83054.98,359,68,47693.97,88.7,0,Two-Year,Bank Transfer,Mobile,0
44,148648.5,471,44,79793.35,83.1,3,Two-Year,Bank Transfer,Mobile,0
25,81945.56,750,61,76694.7,51.4,0,Two-Year,Electronic Check,Mobile,0
63,38487.67,494,68,143160.23,110.9,1,Month-to-Month,Credit Card,Mobile,0
42,111301.66,800,25,71787.56,9.7,0,Month-to-Month,Bank Transfer,Tablet,0
34,155993.73,795,67,104865.93,96.6,2,Month-to-Month,Bank Transfer,Tablet,0
46,148368.59,572,2,138268.38,26.6,1,Two-Year,Credit Card,Desktop,0
70,52144.09,720,49,56006.78,39.6,0,Month-to-Month,Bank Transfer,Mobile,0
25,129278.52,606,70,135318.34,62.8,1,Month-to-Month,Credit Card,Mobile,0
32,59178.16,617,26,137618.43,94.1,2,Month-to-Month,Bank Transfer,Tablet,0
44,58822.17,708,27,139599.38,100.8,3,Month-to-Month,Bank Transfer,Desktop,0
63,160481.12,353,18,40566.93,70.5,4,Month-to-Month,Credit Card,Mobile,1
67,63698.69,775,54,60053.34,49.0,4,One-Year,Credit Card,Mobile,0
69,65803.34,746,1,130559.39,113.6,1,Month-to-Month,Electronic Check,Mobile,0
24,25101.28,703,61,53874.27,30.3,4,One-Year,Electronic Check,Desktop,1
20,159953.7,455,3,90037.95,96.6,3,Two-Year,Electronic Check,Tablet,0
46,147852.2,434,68,17708.18,73.8,1,One-Year,Electronic Check,Mobile,0
61,122235.98,563,41,8441.25,45.9,0,Month-to-Month,Credit Card,Mobile,0
70,141291.19,470,37,61799.1,1.2,1,Two-Year,Credit Card,Mobile,0
41,48567.53,481,51,86837.48,54.1,0,One-Year,Credit Card,Mobile,0
75,96040.16,687,15,58904.87,33.9,2,Month-to-Month,Electronic Check,Desktop,0
20,79439.01,546,8,86660.37,13.4,2,One-Year,Electronic Check,Desktop,0
37,39535.36,368,38,77262.66,9.9,2,One-Year,Bank Transfer,Mobile,0
63,100350.23,479,56,102856.08,42.4,3,Month-to-Month,Electronic Check,Desktop,0
32,167714.65,361,47,97429.86,74.2,2,Month-to-Month,Bank Transfer,Mobile,0
42,31209.16,430,10,63636.86,100.7,1,One-Year,Credit Card,Desktop,0
47,70176.44,679,49,63749.29,22.8,4,One-Year,Credit Card,Desktop,0
31,57168.85,703,41,21116.75,51.5,3,Month-to-Month,Credit Card,Mobile,0
24,61912.73,611,30,76985.79,47.6,0,One-Year,Credit Card,Desktop,0
34,165807.36,741,5,88076.87,62.1,3,Month-to-Month,Credit Card,Mobile,0
61,97550.7,474,71,71473.41,97.3,3,One-Year,Electronic Check,Mobile,0
37,97276.41,656,31,48856.1,66.9,1,Month-to-Month,Credit Card,Mobile,0
53,142889.22,616,52,108247.28,101.8,2,Month-to-Month,Bank Transfer,Mobile,0
26,48946.29,796,23,11199.25,62.7,3,Two-Year,Bank Transfer,Desktop,0
55,100526.13,790,48,137166.06,72.9,5,One-Year,Electronic Check,Mobile,0
65,91647.71,732,40,3096.52,53.0,2,Month-to-Month,Electronic Check,Desktop,0
74,117521.16,489,6,144352.52,98.9,3,Month-to-Month,Electronic Check,Tablet,1
39,179931.44,678,38,69353.34,110.9,1,One-Year,Credit Card,Mobile,0
71,144264.58,351,41,61900.49,77.1,4,Two-Year,Credit Card,Mobile,0
70,86669.18,357,27,38466.6,98.7,3,One-Year,Bank Transfer,Mobile,0
70,153270.72,599,69,1510.67,8.0,3,Month-to-Month,Credit Card,Mobile,0
19,51459.8,488,57,41218.54,108.8,1,Two-Year,Bank Transfer,Mobile,0
41,29721.87,473,17,16409.99,23.5,3,One-Year,Credit Card,Desktop,0
25,56689.5,658,71,98973.13,31.5,4,Month-to-Month,Bank Transfer,Mobile,0
28,77763.79,577,47,47861.25,7.3,2,One-Year,Electronic Check,Desktop,0
30,104140.02,359,13,115076.9,115.9,1,Month-to-Month,Credit Card,Mobile,0
34,120345.02,818,11,31037.43,102.4,1,One-Year,Electronic Check,Mobile,0
25,166143.89,561,24,135035.23,109.7,1,Month-to-Month,Credit Card,Mobile,0
38,104027.37,461,4,78447.23,101.8,0,Month-to-Month,Credit Card,Mobile,0
35,102697.72,357,46,17175.93,58.1,0,Month-to-Month,Bank Transfer,Mobile,0
47,32787.67,641,18,60126.79,111.0,1,Month-to-Month,Electronic Check,Desktop,0
35,30411.29,826,43,31014.08,116.4,1,Month-to-Month,Bank Transfer,Desktop,0
63,110429.79,711,33,29952.81,60.8,4,One-Year,Bank Transfer,Mobile,0
64,92917.69,809,10,75955.46,21.9,5,Month-to-Month,Credit Card,Desktop,1
48,155072.96,602,59,100783.8,79.4,4,One-Year,Credit Card,Mobile,0
55,49905.34,363,31,136742.73,117.1,2,One-Year,Credit Card,Mobile,0
49,28870.61,589,28,75324.3,104.8,3,One-Year,Credit Card,Desktop,0
28,94601.01,787,60,144875.82,103.6,1,Month-to-Month,Electronic Check,Tablet,0
62,61809.18,591,3,141245.23,112.1,4,Month-to-Month,Electronic Check,Desktop,1
42,32690.23,818,55,129759.38,107.4,4,Month-to-Month,Credit Card,Mobile,0
50,137312.73,691,14,74996.59,93.4,3,Two-Year,Bank Transfer,Tablet,0
55,42296.91,498,58,21135.59,86.5,2,Month-to-Month,Bank Transfer,Desktop,0
58,119289.52,585,15,32685.67,32.5,3,One-Year,Credit Card,Desktop,0
25,68562.71,655,2,97150.5,74.9,2,One-Year,Credit Card,Tablet,0
28,51891.89,827,24,63263.25,63.1,2,Month-to-Month,Bank Transfer,Desktop,0
39,83861.49,516,64,22020.24,103.6,2,One-Year,Bank Transfer,Desktop,0
68,149224.1,369,71,71849.09,59.5,2,Month-to-Month,Credit Card,Desktop,0
41,85774.5,565,24,2614.58,16.2,1,Two-Year,Electronic Check,Mobile,0
58,141369.3,692,27,110084.31,1.6,0,Month-to-Month,Bank Transfer,Desktop,1
34,44450.38,484,37,11037.19,81.7,2,Month-to-Month,Credit Card,Mobile,0
29,144779.57,742,39,94367.04,66.4,1,Month-to-Month,Credit Card,Tablet,0
74,61724.67,478,63,118951.55,40.4,1,Two-Year,Electronic Check,Desktop,0
63,129995.94,759,26,19896.58,21.1,3,Two-Year,Bank Transfer,Desktop,0
49,112696.14,771,65,77795.8,56.5,3,Month-to-Month,Bank Transfer,Mobile,0
32,169017.43,643,4,116860.13,12.9,2,Month-to-Month,Credit Card,Desktop,0
33,85034.99,595,29,39095.02,41.0,2,Month-to-Month,Credit Card,Mobile,0
71,35255.6,538,1,24437.49,46.1,2,One-Year,Credit Card,Desktop,0
39,27969.1,393,50,50522.87,56.4,2,Month-to-Month,Credit Card,Desktop,0
45,153163.08,435,11,83204.88,56.5,3,One-Year,Bank Transfer,Mobile,0
37,106334.02,393,59,86291.94,31.6,2,Month-to-Month,Credit Card,Mobile,0
50,145162.83,679,62,19631.45,102.2,4,One-Year,Credit Card,Desktop,0
27,61335.97,724,36,68635.33,43.3,2,Month-to-Month,Credit Card,Mobile,0
57,78487.98,795,56,40242.33,28.3,1,One-Year,Bank Transfer,Mobile,0
49,29666.1,727,21,126303.63,21.9,4,One-Year,Electronic Check,Mobile,0
67,174031.31,739,13,47036.27,39.4,1,Month-to-Month,Electronic Check,Mobile,0
50,128519.53,494,9,125805.68,9.0,3,One-Year,Electronic Check,Desktop,0
19,169646.79,400,11,64284.69,4.9,2,One-Year,Bank Transfer,Tablet,0
50,66151.94,591,70,108987.86,73.0,0,Month-to-Month,Credit Card,Desktop,0
50,119776.86,643,1,76509.03,74.7,2,Month-to-Month,Bank Transfer,Mobile,0
58,130167.5,757,70,93294.39,64.0,3,One-Year,Credit Card,Desktop,0
30,74220.2,400,56,59303.48,91.7,0,Two-Year,Electronic Check,Desktop,0
47,156456.93,615,31,115231.02,5.7,1,Two-Year,Electronic Check,Desktop,0
50,171810.03,469,37,63778.41,112.4,2,One-Year,Bank Transfer,Mobile,0
30,162152.54,549,47,68619.25,12.3,1,Month-to-Month,Credit Card,Mobile,0
69,139555.38,754,47,77651.8,81.2,2,Month-to-Month,Electronic Check,Desktop,0
43,68007.03,597,69,124773.62,16.9,1,Month-to-Month,Electronic Check,Mobile,0
39,68650.49,419,58,98906.84,105.7,4,Month-to-Month,Bank Transfer,Tablet,0
56,174320.85,690,36,52374.06,61.8,2,Month-to-Month,Credit Card,Desktop,0
19,26594.1,406,32,100547.95,10.8,4,Month-to-Month,Credit Card,Mobile,1
55,135987.75,731,64,96363.99,74.4,1,Two-Year,Credit Card,Desktop,0
56,134468.16,388,71,139652.89,2.1,2,Two-Year,Credit Card,Mobile,0
43,121516.88,821,42,126212.47,93.3,3,Two-Year,Bank Transfer,Mobile,0
63,178466.87,638,48,97117.04,78.4,1,Month-to-Month,Electronic Check,Mobile,0
75,73341.31,792,30,51226.07,26.3,3,Two-Year,Credit Card,Mobile,0
67,77695.64,367,21,116936.47,45.6,2,Month-to-Month,Bank Transfer,Mobile,0
32,37235.61,789,60,86281.24,1.9,0,Month-to-Month,Credit Card,Mobile,0
51,93633.71,569,13,147790.5,83.5,1,One-Year,Credit Card,Mobile,0
59,65462.52,662,1,37125.92,39.4,3,Month-to-Month,Electronic Check,Mobile,1
72,78224.94,593,65,11948.38,69.0,1,Two-Year,Bank Transfer,Desktop,0
61,154358.63,701,33,10483.77,114.9,5,Month-to-Month,Bank Transfer,Mobile,0
66,170000.1,809,38,96004.56,36.6,0,Month-to-Month,Credit Card,Mobile,0
57,53788.63,653,25,140889.03,118.8,4,Month-to-Month,Credit Card,Mobile,1
28,82738.88,647,26,289.79,76.3,1,Two-Year,Credit Card,Mobile,0
20,168937.74,632,59,108865.66,29.8,0,Month-to-Month,Credit Card,Tablet,0
23,34580.31,423,33,98559.78,53.0,4,One-Year,Credit Card,Desktop,0
26,39315.88,459,41,109845.63,89.1,1,One-Year,Electronic Check,Desktop,0
23,50232.6,529,30,53310.81,54.1,3,One-Year,Credit Card,Mobile,0
26,117257.99,775,57,123074.47,9.2,2,Month-to-Month,Credit Card,Desktop,0
56,48323.2,381,49,6706.04,21.1,1,Month-to-Month,Bank Transfer,Tablet,0
48,175051.84,583,48,113314.67,95.2,3,One-Year,Electronic Check,Mobile,0
49,94240.75,631,49,40060.79,78.2,1,Two-Year,Electronic Check,Desktop,0
58,102735.28,374,47,71525.67,68.8,2,Two-Year,Electronic Check,Desktop,0
67,63232.09,680,56,123395.44,20.9,1,Month-to-Month,Credit Card,Tablet,0
29,97998.84,628,65,40703.86,100.7,3,Month-to-Month,Credit Card,Mobile,0
25,127596.61,575,12,27781.13,115.3,1,Month-to-Month,Electronic Check,Desktop,0
25,141432.46,406,69,102196.98,5.9,2,One-Year,Electronic Check,Mobile,0
67,141849.55,529,6,80009.23,10.3,1,Month-to-Month,Bank Transfer,Tablet,1
45,114573.12,581,65,77160.58,106.3,1,One-Year,Credit Card,Desktop,0
37,165175.77,731,25,38515.43,98.1,2,Two-Year,Credit Card,Tablet,0
64,151698.22,692,1,5232.05,74.5,1,Month-to-Month,Electronic Check,Tablet,1
24,142342.46,826,32,61540.37,113.5,1,Month-to-Month,Credit Card,Desktop,0
28,33618.86,636,3,15983.92,77.9,4,Two-Year,Bank Transfer,Desktop,0
37,26066.08,413,49,135898.37,26.7,4,Month-to-Month,Electronic Check,Desktop,1
33,57929.33,804,19,6187.55,87.7,4,Month-to-Month,Bank Transfer,Mobile,1
21,127846.16,581,60,64747.63,77.8,2,Month-to-Month,Credit Card,Mobile,0
23,88735.61,638,29,7836.84,118.3,2,Month-to-Month,Credit Card,Mobile,0
75,87372.97,562,50,14331.58,26.5,0,One-Year,Credit Card,Mobile,0
39,162110.97,607,2,98830.0,72.1,2,Month-to-Month,Bank Transfer,Tablet,0
43,163812.24,367,56,97066.69,93.8,1,Month-to-Month,Bank Transfer,Mobile,0
20,165922.17,524,17,4957.83,41.3,2,One-Year,Credit Card,Desktop,0
58,73651.1,766,60,169.72,46.2,6,Month-to-Month,Credit Card,Mobile,0
59,132113.65,578,36,11822.71,106.7,1,Month-to-Month,Credit Card,Mobile,0
31,67103.14,575,61,114449.83,49.1,0,One-Year,Electronic Check,Mobile,0
28,54544.52,433,17,87686.47,75.3,3,Two-Year,Electronic Check,Mobile,0
35,53618.03,640,49,5717.74,106.8,2,Month-to-Month,Credit Card,Mobile,0
71,78026.68,784,60,73214.55,26.0,3,Month-to-Month,Electronic Check,Desktop,0
29,91643.43,719,20,106804.4,117.8,3,One-Year,Bank Transfer,Desktop,0
40,153797.12,595,50,130342.71,84.5,1,One-Year,Electronic Check,Desktop,0
29,43583.12,751,3,140105.47,60.0,3,Month-to-Month,Bank Transfer,Desktop,1
30,138913.51,459,43,49116.08,52.3,4,Month-to-Month,Electronic Check,Tablet,0
42,107375.51,603,57,20374.86,114.6,2,Month-to-Month,Credit Card,Desktop,0
62,69631.53,437,50,35538.89,25.5,1,One-Year,Bank Transfer,Mobile,0
68,101387.04,421,68,116425.72,38.1,0,Month-to-Month,Electronic Check,Mobile,1
75,71491.02,730,50,145722.63,37.6,2,Two-Year,Credit Card,Mobile,0
36,117392.7,379,37,69959.04,35.4,0,One-Year,Credit Card,Mobile,0
72,92245.81,521,46,45802.98,56.8,4,One-Year,Credit Card,Desktop,0
63,50482.86,658,42,64378.59,118.7,5,Two-Year,Credit Card,Tablet,0
53,43070.38,743,15,45721.97,106.8,2,Month-to-Month,Credit Card,Desktop,0
62,109737.83,692,33,38473.13,40.0,3,Month-to-Month,Bank Transfer,Desktop,0
25,164874.02,785,11,89062.61,51.3,1,Month-to-Month,Credit Card,Mobile,0
46,78313.44,526,20,2360.4,80.7,5,Month-to-Month,Credit Card,Mobile,0
72,138615.02,488,24,38932.84,3.0,1,Month-to-Month,Electronic Check,Desktop,1
70,127092.51,543,64,99207.31,98.6,1,Month-to-Month,Bank Transfer,Mobile,0
72,169391.01,535,65,4809.4,105.7,2,Two-Year,Credit Card,Tablet,0
49,152252.06,567,17,12480.27,103.0,1,One-Year,Credit Card,Mobile,0
68,112823.82,513,61,44009.42,45.6,3,Two-Year,Bank Transfer,Tablet,0
61,126839.73,510,15,131670.72,56.0,1,Month-to-Month,Electronic Check,Desktop,1
35,164249.9,780,51,114732.92,2.5,2,One-Year,Credit Card,Desktop,0
23,86925.41,362,27,3323.49,48.5,3,Month-to-Month,Electronic Check,Tablet,0
35,75653.18,645,61,75256.92,55.8,4,Month-to-Month,Electronic Check,Mobile,1
36,26675.72,438,58,41203.12,108.9,7,One-Year,Electronic Check,Mobile,1
39,153115.42,673,31,97296.85,107.4,1,Month-to-Month,Credit Card,Mobile,0
54,149152.01,391,12,108233.08,116.0,1,One-Year,Credit Card,Mobile,0
49,41190.45,752,46,129429.39,106.3,4,Month-to-Month,Credit Card,Mobile,0
73,114412.89,559,31,71312.44,2.0,3,Month-to-Month,Credit Card,Tablet,0
58,96917.16,578,32,149167.51,77.3,2,Month-to-Month,Credit Card,Mobile,0
20,43399.91,699,32,146997.92,9.1,1,Two-Year,Credit Card,Tablet,0
45,176988.08,624,53,132325.01,33.4,3,Month-to-Month,Bank Transfer,Tablet,0
27,58277.86,791,61,86230.42,69.8,3,One-Year,Credit Card,Desktop,0
68,35421.3,628,46,59700.97,84.4,0,Month-to-Month,Credit Card,Tablet,0
52,117201.34,600,7,54657.95,78.9,1,Month-to-Month,Electronic Check,Desktop,1
46,139524.33,659,4,1818.71,6.8,3,One-Year,Credit Card,Desktop,0
71,30028.73,557,52,37376.17,13.3,1,Month-to-Month,Bank Transfer,Desktop,0
32,127101.23,670,31,107821.24,16.3,1,Month-to-Month,Bank Transfer,Desktop,0
50,107505.24,489,36,90544.81,11.9,2,Month-to-Month,Electronic Check,Mobile,0
24,41006.08,629,54,137463.33,22.2,4,Two-Year,Electronic Check,Mobile,0
29,51741.2,383,54,7503.34,82.9,5,Month-to-Month,Bank Transfer,Desktop,1
66,113036.02,658,17,23291.49,99.9,1,Month-to-Month,Electronic Check,Mobile,0
47,70935.43,741,30,118386.57,49.6,2,Month-to-Month,Bank Transfer,Tablet,0
38,170438.94,367,22,53776.14,83.4,0,Month-to-Month,Bank Transfer,Desktop,0
48,151904.74,406,43,17751.8,24.8,5,Month-to-Month,Credit Card,Mobile,0
75,177452.92,461,27,149467.58,116.8,3,Month-to-Month,Bank Transfer,Mobile,0
41,65248.98,354,37,118087.55,42.6,4,Month-to-Month,Bank Transfer,Mobile,1
37,175307.16,759,46,61311.16,101.7,3,Month-to-Month,Bank Transfer,Mobile,0
54,91841.25,763,35,123502.12,113.5,8,Two-Year,Bank Transfer,Mobile,0
21,78865.41,531,4,102090.58,103.9,2,Month-to-Month,Credit Card,Tablet,1
45,32804.18,362,26,118496.21,9.0,3,Month-to-Month,Credit Card,Mobile,0
61,33178.61,688,19,122280.96,78.4,2,Month-to-Month,Bank Transfer,Desktop,0
37,132261.74,634,45,12709.3,15.3,6,Month-to-Month,Credit Card,Mobile,0
41,95978.99,608,26,93445.93,1.7,3,One-Year,Credit Card,Tablet,0
67,60110.85,439,22,1017.83,7.2,2,Month-to-Month,Bank Transfer,Desktop,1
66,120165.4,453,58,6518.44,110.0,4,Month-to-Month,Electronic Check,Desktop,1
68,64193.01,728,63,135597.0,109.1,2,Month-to-Month,Credit Card,Desktop,0
49,114532.92,535,28,79134.56,27.9,2,Month-to-Month,Bank Transfer,Desktop,0
58,80677.36,599,65,110385.3,66.1,3,Two-Year,Credit Card,Mobile,0
53,152650.6,604,44,125775.15,114.6,3,Month-to-Month,Credit Card,Mobile,0
75,152207.9,425,43,142438.02,60.1,3,Month-to-Month,Credit Card,Mobile,1
70,98989.31,735,37,130402.93,47.8,1,Month-to-Month,Bank Transfer,Mobile,0
51,79376.96,808,66,72496.72,58.5,3,One-Year,Electronic Check,Mobile,0
53,81196.77,457,17,50395.55,95.0,6,Month-to-Month,Credit Card,Desktop,1
19,149885.75,505,40,23173.99,57.8,3,Month-to-Month,Bank Transfer,Mobile,0
32,75867.82,431,38,60048.22,94.2,1,Month-to-Month,Bank Transfer,Mobile,0
51,57404.2,426,61,54974.04,52.4,2,Month-to-Month,Credit Card,Tablet,0
53,38126.69,834,9,83936.23,31.0,2,Month-to-Month,Bank Transfer,Tablet,1
23,97337.43,819,61,99826.41,39.9,2,Month-to-Month,Credit Card,Tablet,0
56,99730.48,809,16,146748.82,10.3,0,One-Year,Credit Card,Desktop,0
59,155340.85,607,2,109257.93,60.2,1,Two-Year,Electronic Check,Mobile,0
68,59292.0,476,43,96562.28,18.6,3,One-Year,Electronic Check,Tablet,0
68,84053.65,834,42,50263.87,97.6,2,Month-to-Month,Electronic Check,Mobile,0
75,150302.89,740,57,5175.58,51.1,3,One-Year,Credit Card,Mobile,0
71,152661.66,631,67,43218.77,92.0,5,One-Year,Credit Card,Mobile,0
29,84614.72,823,30,115267.19,114.6,1,Two-Year,Electronic Check,Desktop,0
20,96164.22,437,13,30790.79,102.1,2,One-Year,Credit Card,Mobile,0
62,72009.31,553,19,106828.23,114.2,2,One-Year,Bank Transfer,Desktop,0
35,169546.01,365,7,86966.98,68.6,0,Month-to-Month,Electronic Check,Mobile,0
57,43389.78,500,9,25778.53,20.7,2,Month-to-Month,Electronic Check,Mobile,0
38,169731.16,773,54,39243.72,112.3,3,Month-to-Month,Credit Card,Mobile,0
32,130999.3,603,61,74445.54,104.4,3,Month-to-Month,Electronic Check,Mobile,0
50,107393.68,537,2,62756.21,103.9,6,Month-to-Month,Bank Transfer,Tablet,1
52,30062.15,678,50,116784.58,83.5,1,Month-to-Month,Bank Transfer,Tablet,0
43,98717.41,381,31,110160.7,75.4,3,One-Year,Bank Transfer,Mobile,0
25,88200.96,620,33,86186.18,2.8,1,Two-Year,Credit Card,Tablet,0
53,49988.92,834,11,123341.21,90.0,1,Month-to-Month,Credit Card,Desktop,0
65,126743.49,746,33,84400.43,11.9,3,Month-to-Month,Electronic Check,Mobile,0
47,175528.39,354,7,144658.39,31.9,5,Two-Year,Credit Card,Desktop,0
40,112139.27,808,31,32583.61,66.6,0,Two-Year,Bank Transfer,Tablet,0
59,135786.76,679,48,107119.8,54.8,4,Month-to-Month,Bank Transfer,Mobile,0
61,35609.82,657,47,55491.62,2.9,3,Month-to-Month,Credit Card,Mobile,0
31,89738.38,682,53,41844.93,99.1,1,Month-to-Month,Bank Transfer,Mobile,0
31,43035.57,518,19,27058.12,105.6,0,Month-to-Month,Electronic Check,Mobile,0
19,119983.35,530,6,82875.52,82.1,7,Two-Year,Credit Card,Mobile,0
72,170464.73,715,49,32320.41,65.4,4,One-Year,Bank Transfer,Desktop,0
54,127575.55,527,50,30052.63,115.3,1,Month-to-Month,Electronic Check,Desktop,0
22,36904.47,492,12,148579.79,15.3,3,Two-Year,Bank Transfer,Mobile,0
55,79973.26,711,23,120262.11,88.8,3,One-Year,Credit Card,Mobile,0
62,110352.82,597,54,112241.52,16.3,1,Two-Year,Bank Transfer,Desktop,0
58,87497.2,476,69,119109.09,46.4,2,Two-Year,Electronic Check,Mobile,0
71,154214.82,612,59,145338.43,70.7,3,Month-to-Month,Credit Card,Desktop,0
64,151274.01,389,36,85991.5,88.7,2,Month-to-Month,Bank Transfer,Tablet,0
31,119833.81,761,3,33036.58,1.4,2,Month-to-Month,Electronic Check,Tablet,0
73,82885.98,765,58,129331.45,32.0,2,Two-Year,Electronic Check,Desktop,0
56,64577.14,704,55,111409.61,65.0,2,Two-Year,Bank Transfer,Mobile,0
42,41410.52,604,57,62146.25,64.4,0,One-Year,Electronic Check,Mobile,0
37,80009.14,492,17,71035.42,76.9,1,Month-to-Month,Credit Card,Desktop,0
19,89041.74,589,39,61687.86,37.2,1,Month-to-Month,Electronic Check,Tablet,0
56,129752.55,577,68,139491.32,65.3,2,One-Year,Bank Transfer,Mobile,0
23,127014.77,690,55,51529.74,23.6,2,One-Year,Credit Card,Mobile,0
34,35866.76,547,45,144522.64,23.2,1,Month-to-Month,Bank Transfer,Desktop,0
42,86265.19,414,1,136540.77,69.6,2,Month-to-Month,Credit Card,Mobile,0
74,53175.72,737,21,94578.17,82.6,3,One-Year,Credit Card,Mobile,0
45,49305.97,360,21,86973.27,15.3,3,Two-Year,Credit Card,Tablet,0
19,153231.83,457,52,55513.39,15.6,1,Month-to-Month,Credit Card,Mobile,0
52,31496.86,375,43,2750.76,68.3,2,Month-to-Month,Credit Card,Mobile,0
54,89973.35,794,52,19143.48,33.1,2,One-Year,Electronic Check,Desktop,0
22,51071.57,770,67,113134.7,47.7,1,Two-Year,Credit Card,Desktop,0
18,161296.18,500,44,70731.02,48.7,3,Month-to-Month,Bank Transfer,Mobile,0
57,111341.28,570,32,22475.72,22.2,0,Month-to-Month,Bank Transfer,Mobile,0
29,60864.0,690,10,39594.13,1.2,0,Month-to-Month,Credit Card,Desktop,1
73,102876.23,845,64,142175.53,102.5,1,Month-to-Month,Electronic Check,Desktop,0
53,138380.39,586,69,55069.93,86.1,3,Month-to-Month,Electronic Check,Mobile,0
62,173508.29,586,68,136152.29,83.2,2,One-Year,Credit Card,Mobile,0
40,59169.13,846,28,45695.37,66.0,3,Month-to-Month,Electronic Check,Desktop,0
64,162358.17,568,53,81483.01,84.4,2,One-Year,Bank Transfer,Desktop,0
48,169817.14,836,51,3071.56,112.3,4,Month-to-Month,Credit Card,Desktop,0
28,167045.18,773,53,78281.27,80.2,1,Month-to-Month,Bank Transfer,Desktop,0
27,123489.23,810,4,95541.3,32.5,2,Month-to-Month,Bank Transfer,Desktop,0
20,122622.2,500,17,35145.76,68.9,3,Month-to-Month,Bank Transfer,Mobile,0
71,87497.65,472,67,86840.58,53.6,1,Month-to-Month,Bank Transfer,Tablet,0
31,141621.67,493,47,97075.17,67.2,2,Two-Year,Credit Card,Tablet,0
33,107350.57,827,56,103032.91,62.6,3,Month-to-Month,Electronic Check,Desktop,0
27,130002.9,538,23,116460.5,103.2,4,Month-to-Month,Electronic Check,Mobile,1
46,91410.98,604,18,46700.89,78.6,2,One-Year,Bank Transfer,Desktop,0
